Age,SibSp,Parch,Fare,1,2,3,female,male,C,Q,S,Family Members,Not Alone
0.2711736617240512,0.125,0.0,0.014151057562208046,0.0,0.0,1.0,0.0,1.0,0.0,0.0,1.0,0.09999999999999999,1.0
0.47222920331741636,0.125,0.0,0.13913573538264068,1.0,0.0,0.0,0.9999999999999999,0.0,0.9999999999999998,0.0,0.0,0.09999999999999999,1.0
0.3214375471223925,0.0,0.0,0.015468569817999829,0.0,0.0,1.0,0.9999999999999999,0.0,0.0,0.0,1.0,0.0,0.0
0.4345312892686604,0.125,0.0,0.10364429745562034,1.0,0.0,0.0,0.9999999999999999,0.0,0.0,0.0,1.0,0.09999999999999999,1.0
0.4345312892686604,0.0,0.0,0.015712553569072384,0.0,0.0,1.0,0.0,1.0,0.0,0.0,1.0,0.0,0.0
0.34656948982156316,0.0,0.0,0.016509502093575767,0.0,0.0,1.0,0.0,1.0,0.0,1.0,0.0,0.0,0.0
0.6732847449107815,0.0,0.0,0.10122885832000206,1.0,0.0,0.0,0.0,1.0,0.0,0.0,1.0,0.0,0.0
0.01985423473234471,0.375,0.16666666666666663,0.04113566043083236,0.0,0.0,1.0,0.0,1.0,0.0,0.0,1.0,0.4,1.0
0.33400351847197784,0.0,0.3333333333333333,0.02173075436652839,0.0,0.0,1.0,0.9999999999999999,0.0,0.0,0.0,1.0,0.19999999999999996,1.0
0.17064589092736862,0.125,0.0,0.058694292654020104,0.0,0.9999999999999999,0.0,0.9999999999999999,0.0,0.9999999999999998,0.0,0.0,0.09999999999999999,1.0
0.044986177431515395,0.125,0.16666666666666663,0.03259622914329302,0.0,0.0,1.0,0.9999999999999999,0.0,0.0,0.0,1.0,0.19999999999999996,1.0
0.7235486303091228,0.0,0.0,0.051822148727810165,1.0,0.0,0.0,0.9999999999999999,0.0,0.0,0.0,1.0,0.0,0.0
0.24604171902488053,0.0,0.0,0.015712553569072384,0.0,0.0,1.0,0.0,1.0,0.0,0.0,1.0,0.0,0.0
0.4847951746670017,0.125,0.8333333333333335,0.06104473451835265,0.0,0.0,1.0,0.0,1.0,0.0,0.0,1.0,0.6,1.0
0.17064589092736862,0.0,0.0,0.015330377421392337,0.0,0.0,1.0,0.9999999999999999,0.0,0.0,0.0,1.0,0.0,0.0
0.6858507162603669,0.0,0.0,0.031229920137286725,0.0,0.9999999999999999,0.0,0.9999999999999999,0.0,0.0,0.0,1.0,0.0,0.0
0.01985423473234471,0.5,0.16666666666666663,0.056848213999904744,0.0,0.0,1.0,0.0,1.0,0.0,1.0,0.0,0.5,1.0
0.34656948982156316,0.0,0.0,0.025374310111545464,0.0,0.9999999999999999,0.0,0.0,1.0,0.0,0.0,1.0,0.0,0.0
0.3842674038703191,0.125,0.0,0.03513366015444756,0.0,0.0,1.0,0.9999999999999999,0.0,0.0,0.0,1.0,0.09999999999999999,1.0
0.34656948982156316,0.0,0.0,0.014102260811993547,0.0,0.0,1.0,0.9999999999999999,0.0,0.9999999999999998,0.0,0.0,0.0,0.0
0.4345312892686604,0.0,0.0,0.05074862022309093,0.0,0.9999999999999999,0.0,0.0,1.0,0.0,0.0,1.0,0.0,0.0
0.4219653179190751,0.0,0.0,0.025374310111545464,0.0,0.9999999999999999,0.0,0.0,1.0,0.0,0.0,1.0,0.0,0.0
0.18321186227695394,0.0,0.0,0.01567195467289391,0.0,0.0,1.0,0.9999999999999999,0.0,0.0,1.0,0.0,0.0,0.0
0.34656948982156316,0.0,0.0,0.06929138530460494,1.0,0.0,0.0,0.0,1.0,0.0,0.0,1.0,0.0,0.0
0.09525006282985665,0.375,0.16666666666666663,0.04113566043083236,0.0,0.0,1.0,0.9999999999999999,0.0,0.0,0.0,1.0,0.4,1.0
0.47222920331741636,0.125,0.8333333333333335,0.06126431989431795,0.0,0.0,1.0,0.9999999999999999,0.0,0.0,0.0,1.0,0.6,1.0
0.34656948982156316,0.0,0.0,0.014102260811993547,0.0,0.0,1.0,0.0,1.0,0.9999999999999998,0.0,0.0,0.0,0.0
0.23347574767529525,0.375,0.3333333333333333,0.5133418122566507,1.0,0.0,0.0,0.0,1.0,0.0,0.0,1.0,0.5,1.0
0.34656948982156316,0.0,0.0,0.01537917417160685,0.0,0.0,1.0,0.9999999999999999,0.0,0.0,1.0,0.0,0.0,0.0
0.34656948982156316,0.0,0.0,0.015411575213749279,0.0,0.0,1.0,0.0,1.0,0.0,0.0,1.0,0.0,0.0
0.497361146016587,0.0,0.0,0.05410739813385612,1.0,0.0,0.0,0.0,1.0,0.9999999999999998,0.0,0.0,0.0,0.0
0.34656948982156316,0.125,0.0,0.2859895551532101,1.0,0.0,0.0,0.9999999999999999,0.0,0.9999999999999998,0.0,0.0,0.09999999999999999,1.0
0.34656948982156316,0.0,0.0,0.015126992566498257,0.0,0.0,1.0,0.9999999999999999,0.0,0.0,1.0,0.0,0.0,0.0
0.8240764011058055,0.0,0.0,0.020494635090094408,0.0,0.9999999999999999,0.0,0.0,1.0,0.0,0.0,1.0,0.0,0.0
0.34656948982156316,0.125,0.0,0.16038672010106003,1.0,0.0,0.0,0.0,1.0,0.9999999999999998,0.0,0.0,0.09999999999999999,1.0
0.5224930887157576,0.125,0.0,0.10149724044618187,1.0,0.0,0.0,0.0,1.0,0.0,0.0,1.0,0.09999999999999999,1.0
0.34656948982156316,0.0,0.0,0.014110458666029571,0.0,0.0,1.0,0.0,1.0,0.9999999999999998,0.0,0.0,0.0,0.0
0.25860769037446585,0.0,0.0,0.015712553569072384,0.0,0.0,1.0,0.0,1.0,0.0,0.0,1.0,0.0,0.0
0.2209097763257099,0.25,0.0,0.03513366015444756,0.0,0.0,1.0,0.9999999999999999,0.0,0.0,0.0,1.0,0.19999999999999996,1.0
0.17064589092736862,0.125,0.0,0.021942337075458514,0.0,0.0,1.0,0.9999999999999999,0.0,0.9999999999999998,0.0,0.0,0.09999999999999999,1.0
0.497361146016587,0.125,0.0,0.018493968331299487,0.0,0.0,1.0,0.9999999999999999,0.0,0.0,0.0,1.0,0.09999999999999999,1.0
0.33400351847197784,0.125,0.0,0.04098927018018883,0.0,0.9999999999999999,0.0,0.9999999999999999,0.0,0.0,0.0,1.0,0.09999999999999999,1.0
0.34656948982156316,0.0,0.0,0.015411575213749279,0.0,0.0,1.0,0.0,1.0,0.9999999999999998,0.0,0.0,0.0,0.0
0.032420206081930025,0.125,0.3333333333333333,0.08115719346076702,0.0,0.9999999999999999,0.0,0.9999999999999999,0.0,0.9999999999999998,0.0,0.0,0.29999999999999993,1.0
0.23347574767529525,0.0,0.0,0.01537917417160685,0.0,0.0,1.0,0.9999999999999999,0.0,0.0,1.0,0.0,0.0,0.0
0.34656948982156316,0.0,0.0,0.015712553569072384,0.0,0.0,1.0,0.0,1.0,0.0,0.0,1.0,0.0,0.0
0.34656948982156316,0.125,0.0,0.030253985132996514,0.0,0.0,1.0,0.0,1.0,0.0,1.0,0.0,0.09999999999999999,1.0
0.34656948982156316,0.0,0.0,0.015126992566498257,0.0,0.0,1.0,0.9999999999999999,0.0,0.0,1.0,0.0,0.0,0.0
0.34656948982156316,0.25,0.0,0.04231498029001665,0.0,0.0,1.0,0.0,1.0,0.9999999999999998,0.0,0.0,0.19999999999999996,1.0
0.2209097763257099,0.125,0.0,0.03474328615273148,0.0,0.0,1.0,0.9999999999999999,0.0,0.0,0.0,1.0,0.09999999999999999,1.0
0.08268409148027134,0.5,0.16666666666666663,0.07746484096553544,0.0,0.0,1.0,0.0,1.0,0.0,0.0,1.0,0.5,1.0
0.25860769037446585,0.0,0.0,0.015224586066927275,0.0,0.0,1.0,0.0,1.0,0.0,0.0,1.0,0.0,0.0
0.6104548881628549,0.125,0.0,0.14976542426236883,1.0,0.0,0.0,0.9999999999999999,0.0,0.9999999999999998,0.0,0.0,0.09999999999999999,1.0
0.3591354611711485,0.125,0.0,0.05074862022309093,0.0,0.9999999999999999,0.0,0.9999999999999999,0.0,0.0,0.0,1.0,0.09999999999999999,1.0
0.8115104297562201,0.0,0.16666666666666663,0.12097534163580759,1.0,0.0,0.0,0.0,1.0,0.9999999999999998,0.0,0.0,0.09999999999999999,1.0
0.34656948982156316,0.0,0.0,0.06929138530460494,1.0,0.0,0.0,0.0,1.0,0.0,0.0,1.0,0.0,0.0
0.25860769037446585,0.0,0.0,0.020494635090094408,0.0,0.9999999999999999,0.0,0.9999999999999999,0.0,0.0,0.0,1.0,0.0,0.0
0.3528524754963558,0.0,0.0,0.014110458666029571,0.0,0.0,1.0,0.0,1.0,0.9999999999999998,0.0,0.0,0.0,0.0
0.05755214878110071,0.125,0.3333333333333333,0.054164392738106665,0.0,0.9999999999999999,0.0,0.9999999999999999,0.0,0.0,0.0,1.0,0.29999999999999993,1.0
0.13294797687861265,0.625,0.3333333333333333,0.09154270340242171,0.0,0.0,1.0,0.0,1.0,0.0,0.0,1.0,0.7,1.0
0.2711736617240512,0.0,0.0,0.014110458666029571,0.0,0.0,1.0,0.0,1.0,0.9999999999999998,0.0,0.0,0.0,0.0
0.47222920331741636,0.0,0.0,0.15614960068643363,1.0,0.0,0.0,0.9999999999999999,0.0,0.0,0.0,1.0,0.0,0.0
0.5601910027645136,0.125,0.0,0.16293234896625058,1.0,0.0,0.0,0.0,1.0,0.0,0.0,1.0,0.09999999999999999,1.0
0.044986177431515395,0.375,0.3333333333333333,0.054457173239393725,0.0,0.0,1.0,0.0,1.0,0.0,0.0,1.0,0.5,1.0
0.34656948982156316,0.0,0.0,0.05410739813385612,1.0,0.0,0.0,0.0,1.0,0.9999999999999998,0.0,0.0,0.0,0.0
0.34656948982156316,0.125,0.16666666666666663,0.029757819776815374,0.0,0.0,1.0,0.0,1.0,0.9999999999999998,0.0,0.0,0.19999999999999996,1.0
0.3591354611711485,0.0,0.0,0.020494635090094408,0.0,0.9999999999999999,0.0,0.9999999999999999,0.0,0.0,0.0,1.0,0.0,0.0
0.23347574767529525,0.0,0.0,0.015923941091001648,0.0,0.0,1.0,0.0,1.0,0.0,0.0,1.0,0.0,0.0
0.2083438049761246,0.5,0.3333333333333333,0.015468569817999829,0.0,0.0,1.0,0.9999999999999999,0.0,0.0,0.0,1.0,0.6,1.0
0.3214375471223925,0.25,0.0,0.01690807394932789,0.0,0.0,1.0,0.0,1.0,0.0,0.0,1.0,0.19999999999999996,1.0
0.3968333752199044,0.0,0.0,0.020494635090094408,0.0,0.9999999999999999,0.0,0.0,1.0,0.0,0.0,1.0,0.0,0.0
0.19577783362653928,0.625,0.3333333333333333,0.09154270340242171,0.0,0.0,1.0,0.9999999999999999,0.0,0.0,0.0,1.0,0.7,1.0
0.25860769037446585,0.0,0.0,0.1434624456306609,0.0,0.9999999999999999,0.0,0.0,1.0,0.0,0.0,1.0,0.0,0.0
0.3214375471223925,0.125,0.0,0.02821271947802311,0.0,0.0,1.0,0.0,1.0,0.9999999999999998,0.0,0.0,0.09999999999999999,1.0
0.3968333752199044,0.0,0.0,0.11027245763075773,0.0,0.0,1.0,0.0,1.0,0.0,0.0,1.0,0.0,0.0
0.30887157577280716,0.0,0.0,0.014931805565640215,0.0,0.0,1.0,0.0,1.0,0.0,0.0,1.0,0.0,0.0
0.34656948982156316,0.0,0.0,0.015411575213749279,0.0,0.0,1.0,0.0,1.0,0.0,0.0,1.0,0.0,0.0
0.34656948982156316,0.0,0.0,0.015712553569072384,0.0,0.0,1.0,0.0,1.0,0.0,0.0,1.0,0.0,0.0
0.005152048253329877,0.0,0.3333333333333333,0.056604230248832196,0.0,0.9999999999999999,0.0,0.0,1.0,0.0,0.0,1.0,0.19999999999999996,1.0
0.3717014325207338,0.0,0.0,0.024349578357040748,0.0,0.0,1.0,0.9999999999999999,0.0,0.0,0.0,1.0,0.0,0.0
0.2711736617240512,0.0,0.0,0.01756683007722378,0.0,0.0,1.0,0.0,1.0,0.0,0.0,1.0,0.0,0.0
0.3591354611711485,0.0,0.0,0.018542765081513993,0.0,0.0,1.0,0.0,1.0,0.0,0.0,1.0,0.0,0.0
0.34656948982156316,0.0,0.0,0.015200187691820029,0.0,0.0,1.0,0.9999999999999999,0.0,0.0,1.0,0.0,0.0,0.0
0.34656948982156316,0.0,0.0,0.09193307740413781,1.0,0.0,0.0,0.0,1.0,0.0,0.0,1.0,0.0,0.0
0.2083438049761246,0.0,0.0,0.020494635090094408,0.0,0.9999999999999999,0.0,0.9999999999999999,0.0,0.0,0.0,1.0,0.0,0.0
0.40939934656948973,0.375,0.0,0.030937139635999665,0.0,0.0,1.0,0.9999999999999999,0.0,0.0,0.0,1.0,0.29999999999999993,1.0
0.19577783362653928,0.125,0.49999999999999994,0.06709553154495196,0.0,0.0,1.0,0.0,1.0,0.0,0.0,1.0,0.4,1.0
0.34656948982156316,0.0,0.0,0.015712553569072384,0.0,0.0,1.0,0.0,1.0,0.0,0.0,1.0,0.0,0.0
0.28373963307363653,0.375,0.3333333333333333,0.5133418122566507,1.0,0.0,0.0,0.9999999999999999,0.0,0.0,0.0,1.0,0.5,1.0
0.29630560442322185,0.0,0.0,0.015712553569072384,0.0,0.0,1.0,0.0,1.0,0.0,0.0,1.0,0.0,0.0
0.3591354611711485,0.0,0.0,0.015712553569072384,0.0,0.0,1.0,0.0,1.0,0.0,0.0,1.0,0.0,0.0
0.24604171902488053,0.0,0.0,0.015330377421392337,0.0,0.0,1.0,0.0,1.0,0.0,0.0,1.0,0.0,0.0
0.572756974114099,0.125,0.0,0.11940564777490723,1.0,0.0,0.0,0.0,1.0,0.0,0.0,1.0,0.09999999999999999,1.0
0.3214375471223925,0.125,0.3333333333333333,0.04015972542654215,0.0,0.0,1.0,0.0,1.0,0.0,0.0,1.0,0.29999999999999993,1.0
0.7361146016587081,0.0,0.0,0.014151057562208046,0.0,0.0,1.0,0.0,1.0,0.0,0.0,1.0,0.0,0.0
0.34656948982156316,0.0,0.0,0.015712553569072384,0.0,0.0,1.0,0.0,1.0,0.0,0.0,1.0,0.0,0.0
0.886906257853732,0.0,0.0,0.06764049365134761,1.0,0.0,0.0,0.0,1.0,0.9999999999999998,0.0,0.0,0.0,0.0
0.28373963307363653,0.0,0.16666666666666663,0.12366716556464086,1.0,0.0,0.0,0.0,1.0,0.9999999999999998,0.0,0.0,0.09999999999999999,1.0
0.4219653179190751,0.0,0.16666666666666663,0.044893010197349675,0.0,0.9999999999999999,0.0,0.9999999999999999,0.0,0.0,0.0,1.0,0.09999999999999999,1.0
0.4219653179190751,0.125,0.0,0.05074862022309093,0.0,0.9999999999999999,0.0,0.0,1.0,0.0,0.0,1.0,0.09999999999999999,1.0
0.34656948982156316,0.0,0.0,0.015411575213749279,0.0,0.0,1.0,0.9999999999999999,0.0,0.0,0.0,1.0,0.0,0.0
0.34656948982156316,0.0,0.0,0.015411575213749279,0.0,0.0,1.0,0.0,1.0,0.0,0.0,1.0,0.0,0.0
0.25860769037446585,0.0,0.16666666666666663,0.15085515328815924,1.0,0.0,0.0,0.0,1.0,0.0,0.0,1.0,0.09999999999999999,1.0
0.40939934656948973,0.0,0.0,0.016891873428256675,0.0,0.0,1.0,0.0,1.0,0.0,0.0,1.0,0.0,0.0
0.45966323196783104,0.25,0.0,0.015468569817999829,0.0,0.0,1.0,0.0,1.0,0.0,0.0,1.0,0.19999999999999996,1.0
0.34656948982156316,0.0,0.0,0.015411575213749279,0.0,0.0,1.0,0.0,1.0,0.0,0.0,1.0,0.0,0.0
0.25860769037446585,0.0,0.0,0.014931805565640215,0.0,0.0,1.0,0.9999999999999999,0.0,0.0,0.0,1.0,0.0,0.0
0.34656948982156316,0.0,0.0,0.01517578931671277,0.0,0.0,1.0,0.0,1.0,0.0,0.0,1.0,0.0,0.0
0.47222920331741636,0.0,0.0,0.015411575213749279,0.0,0.0,1.0,0.0,1.0,0.0,0.0,1.0,0.0,0.0
0.34656948982156316,0.125,0.0,0.04713766070721716,0.0,0.0,1.0,0.9999999999999999,0.0,0.0,1.0,0.0,0.09999999999999999,1.0
0.5853229454636842,0.0,0.0,0.10149724044618187,1.0,0.0,0.0,0.0,1.0,0.0,0.0,1.0,0.0,0.0
0.17692887660216128,0.125,0.0,0.02821271947802311,0.0,0.0,1.0,0.9999999999999999,0.0,0.9999999999999998,0.0,0.0,0.09999999999999999,1.0
0.2711736617240512,0.0,0.0,0.015712553569072384,0.0,0.0,1.0,0.0,1.0,0.0,0.0,1.0,0.0,0.0
0.24604171902488053,0.125,0.0,0.019177122834302632,0.0,0.0,1.0,0.9999999999999999,0.0,0.0,0.0,1.0,0.09999999999999999,1.0
0.2083438049761246,0.0,0.0,0.028220722145058295,0.0,0.0,1.0,0.9999999999999999,0.0,0.9999999999999998,0.0,0.0,0.0,0.0
0.25860769037446585,0.0,0.0,0.015468569817999829,0.0,0.0,1.0,0.0,1.0,0.0,0.0,1.0,0.0,0.0
0.8806232721789394,0.0,0.0,0.015126992566498257,0.0,0.0,1.0,0.0,1.0,0.0,1.0,0.0,0.0,0.0
0.3591354611711485,0.125,0.0,0.04098927018018883,0.0,0.9999999999999999,0.0,0.0,1.0,0.0,0.0,1.0,0.09999999999999999,1.0
0.29630560442322185,0.0,0.16666666666666663,0.48312842601983264,1.0,0.0,0.0,0.0,1.0,0.9999999999999998,0.0,0.0,0.09999999999999999,1.0
0.01985423473234471,0.5,0.3333333333333333,0.06104473451835265,0.0,0.0,1.0,0.9999999999999999,0.0,0.0,0.0,1.0,0.6,1.0
0.25860769037446585,0.25,0.0,0.1434624456306609,0.0,0.9999999999999999,0.0,0.0,1.0,0.0,0.0,1.0,0.19999999999999996,1.0
0.34656948982156316,0.0,0.0,0.015712553569072384,0.0,0.0,1.0,0.0,1.0,0.0,0.0,1.0,0.0,0.0
0.4031163608946971,0.125,0.0,0.058694292654020104,0.0,0.9999999999999999,0.0,0.0,1.0,0.9999999999999998,0.0,0.0,0.09999999999999999,1.0
0.4031163608946971,0.0,0.0,0.025374310111545464,0.0,0.9999999999999999,0.0,0.9999999999999999,0.0,0.0,0.0,1.0,0.0,0.0
0.6732847449107815,0.0,0.16666666666666663,0.15085515328815924,1.0,0.0,0.0,0.0,1.0,0.0,0.0,1.0,0.09999999999999999,1.0
0.14551394822819796,0.125,0.0,0.021942337075458514,0.0,0.0,1.0,0.0,1.0,0.9999999999999998,0.0,0.0,0.09999999999999999,1.0
0.34656948982156316,0.0,0.0,0.015126992566498257,0.0,0.0,1.0,0.0,1.0,0.0,1.0,0.0,0.0,0.0
0.29630560442322185,0.0,0.0,0.013939670040278788,0.0,0.0,1.0,0.0,1.0,0.0,0.0,1.0,0.0,0.0
0.34656948982156316,0.125,0.16666666666666663,0.04364049521284361,0.0,0.0,1.0,0.9999999999999999,0.0,0.9999999999999998,0.0,0.0,0.19999999999999996,1.0
0.5601910027645136,0.0,0.0,0.013614293309848438,0.0,0.0,1.0,0.0,1.0,0.0,0.0,1.0,0.0,0.0
0.40939934656948973,0.0,0.0,0.015411575213749279,0.0,0.0,1.0,0.0,1.0,0.9999999999999998,0.0,0.0,0.0,0.0
0.24604171902488053,0.0,0.0,0.013760683560491961,0.0,0.0,1.0,0.0,1.0,0.0,0.0,1.0,0.0,0.0
0.5853229454636842,0.125,0.0,0.02830211512441609,0.0,0.0,1.0,0.9999999999999999,0.0,0.0,0.0,1.0,0.09999999999999999,1.0
0.3591354611711485,0.125,0.0,0.05074862022309093,0.0,0.9999999999999999,0.0,0.9999999999999999,0.0,0.0,0.0,1.0,0.09999999999999999,1.0
0.30887157577280716,0.0,0.0,0.025374310111545464,0.0,0.9999999999999999,0.0,0.0,1.0,0.0,0.0,1.0,0.0,0.0
0.28373963307363653,0.0,0.0,0.02936744577509929,0.0,0.9999999999999999,0.0,0.0,1.0,0.9999999999999998,0.0,0.0,0.0,0.0
0.23347574767529525,0.0,0.3333333333333333,0.051301584996521765,1.0,0.0,0.0,0.9999999999999999,0.0,0.0,0.0,1.0,0.19999999999999996,1.0
0.45966323196783104,0.125,0.0,0.10364429745562034,1.0,0.0,0.0,0.0,1.0,0.0,0.0,1.0,0.09999999999999999,1.0
0.19577783362653928,0.0,0.0,0.017989800308083156,0.0,0.0,1.0,0.0,1.0,0.0,0.0,1.0,0.0,0.0
0.29630560442322185,0.0,0.0,0.1545881046795693,1.0,0.0,0.0,0.0,1.0,0.9999999999999998,0.0,0.0,0.0,0.0
0.34656948982156316,0.0,0.3333333333333333,0.029757819776815374,0.0,0.0,1.0,0.9999999999999999,0.0,0.9999999999999998,0.0,0.0,0.19999999999999996,1.0
0.2711736617240512,0.0,0.0,0.015126992566498257,0.0,0.0,1.0,0.9999999999999999,0.0,0.0,0.0,1.0,0.0,0.0
0.29630560442322185,0.125,0.0,0.030937139635999665,0.0,0.0,1.0,0.9999999999999999,0.0,0.0,0.0,1.0,0.09999999999999999,1.0
0.23347574767529525,0.0,0.0,0.013175122557917834,0.0,0.0,1.0,0.0,1.0,0.0,1.0,0.0,0.0,0.0
0.2209097763257099,0.0,0.0,0.022446505098674838,0.0,0.9999999999999999,0.0,0.0,1.0,0.0,0.0,1.0,0.0,0.0
0.23347574767529525,0.125,0.16666666666666663,0.07173122281533045,0.0,0.9999999999999999,0.0,0.0,1.0,0.0,0.0,1.0,0.19999999999999996,1.0
0.33400351847197784,0.0,0.0,0.015216388212891244,0.0,0.0,1.0,0.0,1.0,0.0,0.0,1.0,0.0,0.0
0.10781603417944202,0.25,0.3333333333333333,0.06709553154495196,0.0,0.0,1.0,0.9999999999999999,0.0,0.0,0.0,1.0,0.4,1.0
0.4533802462930384,0.0,0.3333333333333333,0.05074862022309093,0.0,0.9999999999999999,0.0,0.0,1.0,0.0,0.0,1.0,0.19999999999999996,1.0
0.5224930887157576,0.0,0.0,0.025374310111545464,0.0,0.9999999999999999,0.0,0.0,1.0,0.0,0.0,1.0,0.0,0.0
0.6355868308620256,0.0,0.0,0.024447171857469766,0.0,0.9999999999999999,0.0,0.0,1.0,0.0,0.0,1.0,0.0,0.0
0.2711736617240512,0.125,0.0,0.12999454257145598,1.0,0.0,0.0,0.9999999999999999,0.0,0.0,0.0,1.0,0.09999999999999999,1.0
0.6921337019351594,0.0,0.0,0.015712553569072384,0.0,0.0,1.0,0.0,1.0,0.0,0.0,1.0,0.0,0.0
0.5036441316913797,0.0,0.3333333333333333,0.02830211512441609,0.0,0.0,1.0,0.0,1.0,0.0,0.0,1.0,0.19999999999999996,1.0
0.34656948982156316,0.0,0.0,0.014273049437744323,0.0,0.0,1.0,0.0,1.0,0.0,0.0,1.0,0.0,0.0
0.6355868308620256,0.0,0.16666666666666663,0.11980421963065935,1.0,0.0,0.0,0.0,1.0,0.9999999999999998,0.0,0.0,0.09999999999999999,1.0
0.19577783362653928,0.0,0.0,0.015094396337354966,0.0,0.0,1.0,0.9999999999999999,0.0,0.0,1.0,0.0,0.0,0.0
0.3717014325207338,0.0,0.0,0.015712553569072384,0.0,0.0,1.0,0.0,1.0,0.0,0.0,1.0,0.0,0.0
0.34656948982156316,0.0,0.0,0.01690807394932789,0.0,0.0,1.0,0.0,1.0,0.0,0.0,1.0,0.0,0.0
0.34656948982156316,0.9999999999999999,0.3333333333333333,0.13575255909676825,0.0,0.0,1.0,0.0,1.0,0.0,0.0,1.0,1.0,1.0
0.5476250314149284,0.0,0.16666666666666663,0.031425107138144774,0.0,0.0,1.0,0.0,1.0,0.0,0.0,1.0,0.09999999999999999,1.0
0.497361146016587,0.0,0.0,0.030741952635141623,0.0,0.9999999999999999,0.0,0.9999999999999999,0.0,0.0,0.0,1.0,0.0,0.0
0.3214375471223925,0.0,0.0,0.01517578931671277,0.0,0.0,1.0,0.0,1.0,0.0,0.0,1.0,0.0,0.0
0.2083438049761246,0.0,0.0,0.01690807394932789,0.0,0.0,1.0,0.0,1.0,0.0,0.0,1.0,0.0,0.0
0.007288263382759397,0.5,0.16666666666666663,0.07746484096553544,0.0,0.0,1.0,0.0,1.0,0.0,0.0,1.0,0.5,1.0
0.10781603417944202,0.0,0.3333333333333333,0.04006213192611313,0.0,0.0,1.0,0.0,1.0,0.0,0.0,1.0,0.19999999999999996,1.0
0.34656948982156316,0.0,0.16666666666666663,0.10735285047192314,1.0,0.0,0.0,0.9999999999999999,0.0,0.0,0.0,1.0,0.09999999999999999,1.0
0.5601910027645136,0.125,0.6666666666666665,0.054457173239393725,0.0,0.0,1.0,0.9999999999999999,0.0,0.0,0.0,1.0,0.5,1.0
0.34656948982156316,0.0,0.0,0.050602229972447406,1.0,0.0,0.0,0.0,1.0,0.0,0.0,1.0,0.0,0.0
0.34656948982156316,0.0,0.0,0.11027245763075773,0.0,0.0,1.0,0.0,1.0,0.0,0.0,1.0,0.0,0.0
0.7612465443578789,0.0,0.0,0.06538764528744409,1.0,0.0,0.0,0.0,1.0,0.0,0.0,1.0,0.0,0.0
0.044986177431515395,0.5,0.16666666666666663,0.056848213999904744,0.0,0.0,1.0,0.0,1.0,0.0,1.0,0.0,0.5,1.0
0.007288263382759397,0.125,0.16666666666666663,0.02173075436652839,0.0,0.0,1.0,0.9999999999999999,0.0,0.0,0.0,1.0,0.19999999999999996,1.0
0.25860769037446585,0.0,0.0,0.015468569817999829,0.0,0.0,1.0,0.0,1.0,0.0,0.0,1.0,0.0,0.0
0.6984166876099522,0.0,0.0,0.05991421140938287,1.0,0.0,0.0,0.0,1.0,0.9999999999999998,0.0,0.0,0.0,0.0
0.2209097763257099,0.125,0.16666666666666663,0.015330377421392337,0.0,0.0,1.0,0.0,1.0,0.0,0.0,1.0,0.19999999999999996,1.0
0.34656948982156316,0.375,0.16666666666666663,0.049707687947515,0.0,0.0,1.0,0.0,1.0,0.0,0.0,1.0,0.4,1.0
0.6230208595124402,0.0,0.0,0.05604306762136532,1.0,0.0,0.0,0.9999999999999999,0.0,0.9999999999999998,0.0,0.0,0.0,0.0
0.3717014325207338,0.0,0.0,0.025374310111545464,0.0,0.9999999999999999,0.0,0.0,1.0,0.0,0.0,1.0,0.0,0.0
0.44709726061824573,0.0,0.0,0.0,0.0,0.0,1.0,0.0,1.0,0.0,0.0,1.0,0.0,0.0
0.34656948982156316,0.9999999999999999,0.3333333333333333,0.13575255909676825,0.0,0.0,1.0,0.9999999999999999,0.0,0.0,0.0,1.0,1.0,1.0
0.34656948982156316,0.0,0.0,0.029375643629135327,0.0,0.9999999999999999,0.0,0.0,1.0,0.9999999999999998,0.0,0.0,0.0,0.0
0.10781603417944202,0.5,0.3333333333333333,0.06126431989431795,0.0,0.0,1.0,0.0,1.0,0.0,0.0,1.0,0.6,1.0
0.007288263382759397,0.25,0.16666666666666663,0.07612293033463641,0.0,0.9999999999999999,0.0,0.0,1.0,0.0,0.0,1.0,0.29999999999999993,1.0
0.044986177431515395,0.0,0.3333333333333333,0.04298993693898376,0.0,0.0,1.0,0.9999999999999999,0.0,0.0,0.0,1.0,0.19999999999999996,1.0
0.34656948982156316,0.0,0.0,0.09759350042902103,1.0,0.0,0.0,0.0,1.0,0.0,0.0,1.0,0.0,0.0
0.34656948982156316,0.125,0.0,0.030253985132996514,0.0,0.0,1.0,0.9999999999999999,0.0,0.0,1.0,0.0,0.09999999999999999,1.0
0.5601910027645136,0.0,0.0,0.051822148727810165,1.0,0.0,0.0,0.0,1.0,0.0,0.0,1.0,0.0,0.0
0.497361146016587,0.125,0.16666666666666663,0.030253985132996514,0.0,0.0,1.0,0.0,1.0,0.0,1.0,0.0,0.19999999999999996,1.0
0.44709726061824573,0.0,0.0,0.015411575213749279,0.0,0.0,1.0,0.0,1.0,0.0,0.0,1.0,0.0,0.0
0.3968333752199044,0.0,0.0,0.025374310111545464,0.0,0.9999999999999999,0.0,0.9999999999999999,0.0,0.0,0.0,1.0,0.0,0.0
0.23347574767529525,0.0,0.0,0.025374310111545464,0.0,0.9999999999999999,0.0,0.0,1.0,0.0,0.0,1.0,0.0,0.0
0.23347574767529525,0.125,0.0,0.015330377421392337,0.0,0.0,1.0,0.9999999999999999,0.0,0.0,0.0,1.0,0.09999999999999999,1.0
0.032420206081930025,0.125,0.16666666666666663,0.05074862022309093,0.0,0.9999999999999999,0.0,0.0,1.0,0.0,0.0,1.0,0.19999999999999996,1.0
0.5476250314149284,0.0,0.0,0.05410739813385612,1.0,0.0,0.0,0.9999999999999999,0.0,0.9999999999999998,0.0,0.0,0.0,0.0
0.7235486303091228,0.0,0.0,0.2859895551532101,1.0,0.0,0.0,0.9999999999999999,0.0,0.9999999999999998,0.0,0.0,0.0,0.0
0.34656948982156316,0.0,0.0,0.015126992566498257,0.0,0.0,1.0,0.0,1.0,0.0,1.0,0.0,0.0,0.0
0.5224930887157576,0.0,0.16666666666666663,0.016403905926111566,0.0,0.0,1.0,0.0,1.0,0.0,0.0,1.0,0.09999999999999999,1.0
0.34656948982156316,0.0,0.0,0.015126992566498257,0.0,0.0,1.0,0.9999999999999999,0.0,0.0,1.0,0.0,0.0,0.0
0.29630560442322185,0.0,0.0,0.025374310111545464,0.0,0.9999999999999999,0.0,0.9999999999999999,0.0,0.0,0.0,1.0,0.0,0.0
0.34656948982156316,0.0,0.0,0.018542765081513993,0.0,0.0,1.0,0.0,1.0,0.0,0.0,1.0,0.0,0.0
0.34656948982156316,0.9999999999999999,0.3333333333333333,0.13575255909676825,0.0,0.0,1.0,0.0,1.0,0.0,0.0,1.0,1.0,1.0
0.4219653179190751,0.0,0.0,0.012678957201736694,0.0,0.0,1.0,0.0,1.0,0.0,0.0,1.0,0.0,0.0
0.5664739884393063,0.0,0.0,0.014102260811993547,0.0,0.0,1.0,0.0,1.0,0.9999999999999998,0.0,0.0,0.0,0.0
0.2209097763257099,0.0,0.0,0.015712553569072384,0.0,0.0,1.0,0.0,1.0,0.0,0.0,1.0,0.0,0.0
0.01985423473234471,0.0,0.16666666666666663,0.020421439964772643,0.0,0.0,1.0,0.9999999999999999,0.0,0.0,0.0,1.0,0.09999999999999999,1.0
0.3968333752199044,0.125,0.0,0.030937139635999665,0.0,0.0,1.0,0.0,1.0,0.0,0.0,1.0,0.09999999999999999,1.0
0.3214375471223925,0.0,0.0,0.036670757786204655,0.0,0.0,1.0,0.0,1.0,0.9999999999999998,0.0,0.0,0.0,0.0
0.19577783362653928,0.0,0.0,0.015126992566498257,0.0,0.0,1.0,0.9999999999999999,0.0,0.0,1.0,0.0,0.0,0.0
0.497361146016587,0.0,0.0,0.060507970265993034,1.0,0.0,0.0,0.0,1.0,0.9999999999999998,0.0,0.0,0.0,0.0
0.29630560442322185,0.0,0.0,0.013760683560491961,0.0,0.0,1.0,0.0,1.0,0.0,0.0,1.0,0.0,0.0
0.4345312892686604,0.0,0.0,0.04098927018018883,0.0,0.9999999999999999,0.0,0.9999999999999999,0.0,0.0,0.0,1.0,0.0,0.0
0.2711736617240512,0.0,0.0,0.014151057562208046,0.0,0.0,1.0,0.0,1.0,0.0,0.0,1.0,0.0,0.0
0.3717014325207338,0.0,0.0,0.025374310111545464,0.0,0.9999999999999999,0.0,0.0,1.0,0.0,0.0,1.0,0.0,0.0
0.34656948982156316,0.125,0.0,0.015126992566498257,0.0,0.0,1.0,0.0,1.0,0.0,1.0,0.0,0.09999999999999999,1.0
0.3842674038703191,0.125,0.0,0.22109807522194716,1.0,0.0,0.0,0.9999999999999999,0.0,0.9999999999999998,0.0,0.0,0.09999999999999999,1.0
0.33400351847197784,0.0,0.0,0.015468569817999829,0.0,0.0,1.0,0.9999999999999999,0.0,0.0,0.0,1.0,0.0,0.0
0.5224930887157576,0.125,0.0,0.05270049023167135,0.0,0.9999999999999999,0.0,0.0,1.0,0.0,0.0,1.0,0.09999999999999999,1.0
0.3968333752199044,0.0,0.0,0.14891148113361488,1.0,0.0,0.0,0.9999999999999999,0.0,0.9999999999999998,0.0,0.0,0.0,0.0
0.3717014325207338,0.0,0.0,0.020494635090094408,0.0,0.9999999999999999,0.0,0.0,1.0,0.0,0.0,1.0,0.0,0.0
0.19577783362653928,0.0,0.0,0.015712553569072384,0.0,0.0,1.0,0.0,1.0,0.0,0.0,1.0,0.0,0.0
0.33400351847197784,0.0,0.0,0.025374310111545464,0.0,0.9999999999999999,0.0,0.0,1.0,0.0,0.0,1.0,0.0,0.0
0.6355868308620256,0.0,0.0,0.015712553569072384,0.0,0.0,1.0,0.0,1.0,0.0,0.0,1.0,0.0,0.0
0.34656948982156316,0.0,0.0,0.015411575213749279,0.0,0.0,1.0,0.0,1.0,0.0,0.0,1.0,0.0,0.0
0.47222920331741636,0.125,0.0,0.17566830077223783,1.0,0.0,0.0,0.0,1.0,0.0,0.0,1.0,0.09999999999999999,1.0
0.2711736617240512,0.0,0.0,0.018249984580226933,0.0,0.0,1.0,0.0,1.0,0.0,0.0,1.0,0.0,0.0
0.23347574767529525,0.0,0.0,0.020494635090094408,0.0,0.9999999999999999,0.0,0.0,1.0,0.0,0.0,1.0,0.0,0.0
0.2523247046996732,0.0,0.0,0.014151057562208046,0.0,0.0,1.0,0.0,1.0,0.0,0.0,1.0,0.0,0.0
0.2209097763257099,0.0,0.0,0.025374310111545464,0.0,0.9999999999999999,0.0,0.0,1.0,0.0,0.0,1.0,0.0,0.0
0.34656948982156316,0.375,0.16666666666666663,0.049707687947515,0.0,0.0,1.0,0.9999999999999999,0.0,0.0,0.0,1.0,0.4,1.0
0.4345312892686604,0.125,0.0,0.16293234896625058,1.0,0.0,0.0,0.9999999999999999,0.0,0.0,0.0,1.0,0.09999999999999999,1.0
0.3591354611711485,0.0,0.0,0.01517578931671277,0.0,0.0,1.0,0.0,1.0,0.0,0.0,1.0,0.0,0.0
0.7361146016587081,0.0,0.0,0.026350245115835676,0.0,0.9999999999999999,0.0,0.0,1.0,0.0,0.0,1.0,0.0,0.0
0.05755214878110071,0.5,0.3333333333333333,0.06126431989431795,0.0,0.0,1.0,0.9999999999999999,0.0,0.0,0.0,1.0,0.6,1.0
0.29630560442322185,0.0,0.0,0.020494635090094408,0.0,0.9999999999999999,0.0,0.0,1.0,0.0,0.0,1.0,0.0,0.0
0.34656948982156316,0.0,0.0,0.01473661856478218,0.0,0.0,1.0,0.9999999999999999,0.0,0.0,0.0,1.0,0.0,0.0
0.5476250314149284,0.125,0.0,0.05074862022309093,0.0,0.9999999999999999,0.0,0.0,1.0,0.0,0.0,1.0,0.09999999999999999,1.0
0.09525006282985665,0.0,0.3333333333333333,0.05123658772523604,0.0,0.9999999999999999,0.0,0.9999999999999999,0.0,0.0,0.0,1.0,0.19999999999999996,1.0
0.23347574767529525,0.0,0.0,0.020494635090094408,0.0,0.9999999999999999,0.0,0.0,1.0,0.0,0.0,1.0,0.0,0.0
0.40939934656948973,0.0,0.0,0.023959204355324656,0.0,0.9999999999999999,0.0,0.0,1.0,0.0,0.0,1.0,0.0,0.0
0.34656948982156316,0.125,0.0,0.02821271947802311,0.0,0.0,1.0,0.9999999999999999,0.0,0.9999999999999998,0.0,0.0,0.09999999999999999,1.0
0.34656948982156316,0.125,0.0,0.030253985132996514,0.0,0.0,1.0,0.9999999999999999,0.0,0.0,1.0,0.0,0.09999999999999999,1.0
0.3591354611711485,0.0,0.0,0.020494635090094408,0.0,0.9999999999999999,0.0,0.0,1.0,0.0,0.0,1.0,0.0,0.0
0.2711736617240512,0.0,0.0,0.013907073811135498,0.0,0.0,1.0,0.0,1.0,0.0,0.0,1.0,0.0,0.0
0.3717014325207338,0.0,0.0,0.014102260811993547,0.0,0.0,1.0,0.0,1.0,0.9999999999999998,0.0,0.0,0.0,0.0
0.5476250314149284,0.25,0.0,0.17566830077223783,1.0,0.0,0.0,0.0,1.0,0.0,1.0,0.0,0.19999999999999996,1.0
0.30887157577280716,0.0,0.0,0.01517578931671277,0.0,0.0,1.0,0.9999999999999999,0.0,0.0,0.0,1.0,0.0,0.0
0.29630560442322185,0.0,0.3333333333333333,0.02830211512441609,0.0,0.9999999999999999,0.0,0.9999999999999999,0.0,0.0,0.0,1.0,0.19999999999999996,1.0
0.45966323196783104,0.125,0.16666666666666663,0.10257896680493714,1.0,0.0,0.0,0.0,1.0,0.0,0.0,1.0,0.19999999999999996,1.0
0.6732847449107815,0.125,0.0,0.05074862022309093,0.0,0.9999999999999999,0.0,0.0,1.0,0.0,0.0,1.0,0.09999999999999999,1.0
0.34656948982156316,0.0,0.0,0.014151057562208046,0.0,0.0,1.0,0.0,1.0,0.0,0.0,1.0,0.0,0.0
0.3591354611711485,0.125,0.16666666666666663,0.020421439964772643,0.0,0.0,1.0,0.9999999999999999,0.0,0.0,0.0,1.0,0.19999999999999996,1.0
0.7738125157074641,0.0,0.0,0.051822148727810165,1.0,0.0,0.0,0.0,1.0,0.0,0.0,1.0,0.0,0.0
0.3717014325207338,0.125,0.0,0.031425107138144774,0.0,0.0,1.0,0.0,1.0,0.0,0.0,1.0,0.09999999999999999,1.0
0.5099271173661724,0.0,0.3333333333333333,0.039452172548431745,0.0,0.0,1.0,0.9999999999999999,0.0,0.0,0.0,1.0,0.19999999999999996,1.0
0.3591354611711485,0.0,0.3333333333333333,0.029757819776815374,0.0,0.0,1.0,0.9999999999999999,0.0,0.9999999999999998,0.0,0.0,0.19999999999999996,1.0
0.34656948982156316,0.0,0.0,0.1545881046795693,1.0,0.0,0.0,0.9999999999999999,0.0,0.9999999999999998,0.0,0.0,0.0,0.0
0.3717014325207338,0.0,0.0,0.16883675574220638,1.0,0.0,0.0,0.9999999999999999,0.0,0.0,0.0,1.0,0.0,0.0
0.4345312892686604,0.0,0.0,1.0,1.0,0.0,0.0,0.9999999999999999,0.0,0.9999999999999998,0.0,0.0,0.0,0.0
0.6230208595124402,0.0,0.16666666666666663,0.05074862022309093,0.0,0.9999999999999999,0.0,0.9999999999999999,0.0,0.0,0.0,1.0,0.09999999999999999,1.0
0.34656948982156316,0.0,0.0,0.015126992566498257,0.0,0.0,1.0,0.0,1.0,0.0,1.0,0.0,0.0,0.0
0.032420206081930025,0.5,0.3333333333333333,0.06126431989431795,0.0,0.0,1.0,0.0,1.0,0.0,0.0,1.0,0.6,1.0
0.6481528022116109,0.125,0.16666666666666663,0.15546644618343053,1.0,0.0,0.0,0.0,1.0,0.0,0.0,1.0,0.19999999999999996,1.0
0.497361146016587,0.0,0.0,0.0,1.0,0.0,0.0,0.0,1.0,0.0,0.0,1.0,0.0,0.0
0.34656948982156316,0.0,0.0,0.015126992566498257,0.0,0.0,1.0,0.9999999999999999,0.0,0.0,1.0,0.0,0.0,0.0
0.44709726061824573,0.0,0.0,0.020494635090094408,0.0,0.9999999999999999,0.0,0.0,1.0,0.0,0.0,1.0,0.0,0.0
0.19577783362653928,0.5,0.16666666666666663,0.07746484096553544,0.0,0.0,1.0,0.0,1.0,0.0,0.0,1.0,0.5,1.0
0.30887157577280716,0.125,0.0,0.01517578931671277,0.0,0.0,1.0,0.0,1.0,0.0,0.0,1.0,0.09999999999999999,1.0
0.7235486303091228,0.0,0.16666666666666663,0.2995388511917728,1.0,0.0,0.0,0.9999999999999999,0.0,0.0,0.0,1.0,0.09999999999999999,1.0
0.4345312892686604,0.0,0.0,0.26473857043479077,1.0,0.0,0.0,0.9999999999999999,0.0,0.0,0.0,1.0,0.0,0.0
0.34656948982156316,0.0,0.0,0.060507970265993034,1.0,0.0,0.0,0.0,1.0,0.0,0.0,1.0,0.0,0.0
0.30887157577280716,0.0,0.0,0.0,0.0,0.0,1.0,0.0,1.0,0.0,0.0,1.0,0.0,0.0
0.5099271173661724,0.0,0.16666666666666663,0.038061465167318204,0.0,0.9999999999999999,0.0,0.9999999999999999,0.0,0.0,0.0,1.0,0.09999999999999999,1.0
0.45966323196783104,0.0,0.16666666666666663,0.057970539254838485,1.0,0.0,0.0,0.0,1.0,0.9999999999999998,0.0,0.0,0.09999999999999999,1.0
0.34656948982156316,0.0,0.0,0.015126992566498257,0.0,0.0,1.0,0.9999999999999999,0.0,0.0,1.0,0.0,0.0,0.0
0.7863784870570494,0.125,0.0,0.15216446768991498,1.0,0.0,0.0,0.9999999999999999,0.0,0.0,0.0,1.0,0.09999999999999999,1.0
0.5601910027645136,0.0,0.0,0.015126992566498257,0.0,0.0,1.0,0.9999999999999999,0.0,0.0,0.0,1.0,0.0,0.0
0.34656948982156316,0.0,0.0,0.0,0.0,0.9999999999999999,0.0,0.0,1.0,0.0,0.0,1.0,0.0,0.0
0.08268409148027134,0.5,0.16666666666666663,0.056848213999904744,0.0,0.0,1.0,0.0,1.0,0.0,1.0,0.0,0.5,1.0
0.4345312892686604,0.125,0.16666666666666663,0.03952536767375352,0.0,0.0,1.0,0.9999999999999999,0.0,0.0,0.0,1.0,0.19999999999999996,1.0
0.8115104297562201,0.0,0.0,0.015126992566498257,0.0,0.0,1.0,0.0,1.0,0.0,1.0,0.0,0.0,0.0
0.34656948982156316,0.0,0.0,0.015330377421392337,0.0,0.0,1.0,0.0,1.0,0.0,0.0,1.0,0.0,0.0
0.19577783362653928,0.0,0.0,0.018542765081513993,0.0,0.0,1.0,0.0,1.0,0.0,0.0,1.0,0.0,0.0
0.23347574767529525,0.0,0.0,0.015712553569072384,0.0,0.0,1.0,0.0,1.0,0.0,0.0,1.0,0.0,0.0
0.34656948982156316,0.0,0.0,0.05074862022309093,1.0,0.0,0.0,0.0,1.0,0.0,0.0,1.0,0.0,0.0
0.40939934656948973,0.0,0.0,0.01690807394932789,0.0,0.0,1.0,0.0,1.0,0.9999999999999998,0.0,0.0,0.0,0.0
0.3717014325207338,0.0,0.0,0.018542765081513993,0.0,0.0,1.0,0.0,1.0,0.0,0.0,1.0,0.0,0.0
0.2711736617240512,0.0,0.0,0.015411575213749279,0.0,0.0,1.0,0.0,1.0,0.0,0.0,1.0,0.0,0.0
0.5224930887157576,0.0,0.0,0.025374310111545464,0.0,0.9999999999999999,0.0,0.0,1.0,0.0,0.0,1.0,0.0,0.0
0.2711736617240512,0.0,0.0,0.015126992566498257,0.0,0.0,1.0,0.9999999999999999,0.0,0.0,1.0,0.0,0.0,0.0
0.3214375471223925,0.0,0.0,0.15390495017656614,1.0,0.0,0.0,0.9999999999999999,0.0,0.0,0.0,1.0,0.0,0.0
0.23347574767529525,0.125,0.0,0.17777475888549785,1.0,0.0,0.0,0.9999999999999999,0.0,0.9999999999999998,0.0,0.0,0.09999999999999999,1.0
0.44709726061824573,0.0,0.0,0.02513032636047291,0.0,0.9999999999999999,0.0,0.0,1.0,0.9999999999999998,0.0,0.0,0.0,0.0
0.29630560442322185,0.0,0.0,0.01727404957593672,0.0,0.0,1.0,0.9999999999999999,0.0,0.0,0.0,1.0,0.0,0.0
0.29630560442322185,0.0,0.0,0.015411575213749279,0.0,0.0,1.0,0.0,1.0,0.0,0.0,1.0,0.0,0.0
0.34656948982156316,0.0,0.0,0.05410739813385612,1.0,0.0,0.0,0.0,1.0,0.9999999999999998,0.0,0.0,0.0,0.0
0.29002261874842916,0.0,0.0,0.014110458666029571,0.0,0.0,1.0,0.0,1.0,0.9999999999999998,0.0,0.0,0.0,0.0
0.01985423473234471,0.125,0.3333333333333333,0.29580589980036276,1.0,0.0,0.0,0.9999999999999999,0.0,0.0,0.0,1.0,0.29999999999999993,1.0
0.34656948982156316,0.0,0.0,0.05953203526170282,1.0,0.0,0.0,0.0,1.0,0.0,0.0,1.0,0.0,0.0
0.6230208595124402,0.0,0.16666666666666663,0.48312842601983264,1.0,0.0,0.0,0.9999999999999999,0.0,0.9999999999999998,0.0,0.0,0.09999999999999999,1.0
0.34656948982156316,0.0,0.0,0.015126992566498257,0.0,0.0,1.0,0.9999999999999999,0.0,0.0,1.0,0.0,0.0,0.0
0.34656948982156316,0.25,0.0,0.04538097769949478,0.0,0.0,1.0,0.0,1.0,0.0,1.0,0.0,0.19999999999999996,1.0
0.23347574767529525,0.0,0.0,0.0,0.0,0.0,1.0,0.0,1.0,0.0,0.0,1.0,0.0,0.0
0.34656948982156316,0.0,0.0,0.024105594605968193,0.0,0.9999999999999999,0.0,0.9999999999999999,0.0,0.0,1.0,0.0,0.0,0.0
0.34656948982156316,0.0,0.0,0.015712553569072384,0.0,0.0,1.0,0.0,1.0,0.0,0.0,1.0,0.0,0.0
0.006282985674792629,0.125,0.3333333333333333,0.29580589980036276,1.0,0.0,0.0,0.0,1.0,0.0,0.0,1.0,0.29999999999999993,1.0
0.34656948982156316,0.0,0.0,0.21642978772242535,1.0,0.0,0.0,0.9999999999999999,0.0,0.9999999999999998,0.0,0.0,0.0,0.0
0.2083438049761246,0.125,0.0,0.21255864393440782,1.0,0.0,0.0,0.9999999999999999,0.0,0.9999999999999998,0.0,0.0,0.09999999999999999,1.0
0.3717014325207338,0.125,0.0,0.04684488020593009,0.0,0.9999999999999999,0.0,0.0,1.0,0.9999999999999998,0.0,0.0,0.09999999999999999,1.0
0.3717014325207338,0.0,0.0,0.11111839809247648,1.0,0.0,0.0,0.9999999999999999,0.0,0.9999999999999998,0.0,0.0,0.0,0.0
0.29630560442322185,0.0,0.0,0.16231419173453318,1.0,0.0,0.0,0.9999999999999999,0.0,0.9999999999999998,0.0,0.0,0.0,0.0
0.2209097763257099,0.25,0.3333333333333333,0.5121218935012879,1.0,0.0,0.0,0.9999999999999999,0.0,0.9999999999999998,0.0,0.0,0.4,1.0
0.3214375471223925,0.125,0.16666666666666663,0.05074862022309093,0.0,0.9999999999999999,0.0,0.9999999999999999,0.0,0.0,0.0,1.0,0.19999999999999996,1.0
0.34656948982156316,0.0,0.0,0.015411575213749279,0.0,0.0,1.0,0.0,1.0,0.0,0.0,1.0,0.0,0.0
0.535059060065343,0.125,0.16666666666666663,0.05123658772523604,0.0,0.9999999999999999,0.0,0.0,1.0,0.0,0.0,1.0,0.19999999999999996,1.0
0.3214375471223925,0.0,0.0,0.015330377421392337,0.0,0.0,1.0,0.9999999999999999,0.0,0.0,0.0,1.0,0.0,0.0
0.29630560442322185,0.125,0.0,0.05074862022309093,0.0,0.9999999999999999,0.0,0.9999999999999999,0.0,0.0,0.0,1.0,0.09999999999999999,1.0
0.6732847449107815,0.0,0.0,0.027326180120125887,0.0,0.9999999999999999,0.0,0.0,1.0,0.0,0.0,1.0,0.0,0.0
0.3842674038703191,0.0,0.3333333333333333,0.32179836714362564,1.0,0.0,0.0,0.9999999999999999,0.0,0.0,0.0,1.0,0.19999999999999996,1.0
0.497361146016587,0.125,0.16666666666666663,0.2625265161540666,1.0,0.0,0.0,0.9999999999999999,0.0,0.9999999999999998,0.0,0.0,0.19999999999999996,1.0
0.2711736617240512,0.0,0.0,0.014151057562208046,0.0,0.0,1.0,0.0,1.0,0.0,0.0,1.0,0.0,0.0
0.33400351847197784,0.0,0.0,0.015411575213749279,0.0,0.0,1.0,0.0,1.0,0.0,0.0,1.0,0.0,0.0
0.3717014325207338,0.0,0.0,0.024105594605968193,0.0,0.9999999999999999,0.0,0.9999999999999999,0.0,0.0,1.0,0.0,0.0,0.0
0.2711736617240512,0.125,0.16666666666666663,0.056604230248832196,0.0,0.9999999999999999,0.0,0.9999999999999999,0.0,0.0,0.0,1.0,0.19999999999999996,1.0
0.34656948982156316,0.9999999999999999,0.3333333333333333,0.13575255909676825,0.0,0.0,1.0,0.0,1.0,0.0,0.0,1.0,1.0,1.0
0.44709726061824573,0.0,0.0,0.26473857043479077,1.0,0.0,0.0,0.9999999999999999,0.0,0.9999999999999998,0.0,0.0,0.0,0.0
0.7612465443578789,0.0,0.0,0.01217478917852037,0.0,0.0,1.0,0.0,1.0,0.0,0.0,1.0,0.0,0.0
0.44709726061824573,0.0,0.0,0.025374310111545464,0.0,0.9999999999999999,0.0,0.9999999999999999,0.0,0.0,0.0,1.0,0.0,0.0
0.3842674038703191,0.125,0.16666666666666663,0.04006213192611313,0.0,0.0,1.0,0.9999999999999999,0.0,0.0,0.0,1.0,0.19999999999999996,1.0
0.19577783362653928,0.0,0.16666666666666663,0.11316786160148591,1.0,0.0,0.0,0.9999999999999999,0.0,0.9999999999999998,0.0,0.0,0.09999999999999999,1.0
0.34656948982156316,0.25,0.0,0.04538097769949478,0.0,0.0,1.0,0.9999999999999999,0.0,0.0,1.0,0.0,0.19999999999999996,1.0
0.5664739884393063,0.0,0.0,0.055628295244541985,1.0,0.0,0.0,0.0,1.0,0.0,0.0,1.0,0.0,0.0
0.47222920331741636,0.0,0.16666666666666663,0.2995388511917728,1.0,0.0,0.0,0.0,1.0,0.0,0.0,1.0,0.09999999999999999,1.0
0.19577783362653928,0.25,0.0,0.03513366015444756,0.0,0.0,1.0,0.0,1.0,0.0,0.0,1.0,0.19999999999999996,1.0
0.34656948982156316,0.125,0.0,0.2608674266467732,1.0,0.0,0.0,0.9999999999999999,0.0,0.0,0.0,1.0,0.09999999999999999,1.0
0.34656948982156316,0.0,0.0,0.015411575213749279,0.0,0.0,1.0,0.0,1.0,0.0,0.0,1.0,0.0,0.0
0.3591354611711485,0.125,0.0,0.12999454257145598,1.0,0.0,0.0,0.0,1.0,0.0,0.0,1.0,0.09999999999999999,1.0
0.5099271173661724,0.0,0.0,0.2625265161540666,1.0,0.0,0.0,0.9999999999999999,0.0,0.9999999999999998,0.0,0.0,0.0,0.0
0.5601910027645136,0.0,0.0,0.015712553569072384,0.0,0.0,1.0,0.0,1.0,0.0,0.0,1.0,0.0,0.0
0.5601910027645136,0.0,0.0,0.06929138530460494,1.0,0.0,0.0,0.0,1.0,0.0,0.0,1.0,0.0,0.0
0.01985423473234471,0.125,0.16666666666666663,0.05074862022309093,0.0,0.9999999999999999,0.0,0.0,1.0,0.0,0.0,1.0,0.19999999999999996,1.0
0.29630560442322185,0.375,0.3333333333333333,0.5133418122566507,1.0,0.0,0.0,0.9999999999999999,0.0,0.0,0.0,1.0,0.5,1.0
0.34656948982156316,0.0,0.0,0.025374310111545464,0.0,0.9999999999999999,0.0,0.0,1.0,0.0,0.0,1.0,0.0,0.0
0.30887157577280716,0.0,0.0,0.025374310111545464,0.0,0.9999999999999999,0.0,0.0,1.0,0.0,0.0,1.0,0.0,0.0
0.44709726061824573,0.0,0.0,0.025374310111545464,0.0,0.9999999999999999,0.0,0.0,1.0,0.0,0.0,1.0,0.0,0.0
0.29630560442322185,0.0,0.0,0.025374310111545464,0.0,0.9999999999999999,0.0,0.9999999999999999,0.0,0.0,0.0,1.0,0.0,0.0
0.497361146016587,0.0,0.0,0.025374310111545464,0.0,0.9999999999999999,0.0,0.9999999999999999,0.0,0.0,0.0,1.0,0.0,0.0
0.34656948982156316,0.125,0.0,0.031425107138144774,0.0,0.0,1.0,0.9999999999999999,0.0,0.0,0.0,1.0,0.09999999999999999,1.0
0.032420206081930025,0.125,0.16666666666666663,0.031034733136428683,0.0,0.0,1.0,0.0,1.0,0.0,0.0,1.0,0.19999999999999996,1.0
0.5224930887157576,0.0,0.0,0.01690807394932789,0.0,0.0,1.0,0.0,1.0,0.0,0.0,1.0,0.0,0.0
0.28373963307363653,0.0,0.0,0.01800600082915438,0.0,0.0,1.0,0.0,1.0,0.0,0.0,1.0,0.0,0.0
0.34656948982156316,0.0,0.0,0.06831545030031472,1.0,0.0,0.0,0.0,1.0,0.0,0.0,1.0,0.0,0.0
0.18321186227695394,0.125,0.16666666666666663,0.014110458666029571,0.0,0.0,1.0,0.0,1.0,0.9999999999999998,0.0,0.0,0.19999999999999996,1.0
0.30887157577280716,0.125,0.0,0.03474328615273148,0.0,0.0,1.0,0.0,1.0,0.0,0.0,1.0,0.09999999999999999,1.0
0.34656948982156316,0.0,0.0,0.014102260811993547,0.0,0.0,1.0,0.0,1.0,0.9999999999999998,0.0,0.0,0.0,0.0
0.34656948982156316,0.0,0.0,0.018542765081513993,0.0,0.0,1.0,0.0,1.0,0.0,0.0,1.0,0.0,0.0
0.2711736617240512,0.0,0.16666666666666663,0.10735285047192314,1.0,0.0,0.0,0.9999999999999999,0.0,0.0,0.0,1.0,0.09999999999999999,1.0
0.47222920331741636,0.0,0.0,0.025374310111545464,0.0,0.9999999999999999,0.0,0.9999999999999999,0.0,0.0,0.0,1.0,0.0,0.0
0.34656948982156316,0.0,0.0,0.01537917417160685,0.0,0.0,1.0,0.9999999999999999,0.0,0.0,1.0,0.0,0.0,0.0
0.34656948982156316,0.0,0.0,0.01537917417160685,0.0,0.0,1.0,0.9999999999999999,0.0,0.0,1.0,0.0,0.0,0.0
0.497361146016587,0.125,0.6666666666666665,0.054457173239393725,0.0,0.0,1.0,0.0,1.0,0.0,0.0,1.0,0.5,1.0
0.3591354611711485,0.125,0.0,0.05410739813385612,0.0,0.9999999999999999,0.0,0.0,1.0,0.9999999999999998,0.0,0.0,0.09999999999999999,1.0
0.5601910027645136,0.0,0.16666666666666663,0.02821271947802311,0.0,0.0,1.0,0.9999999999999999,0.0,0.9999999999999998,0.0,0.0,0.09999999999999999,1.0
0.4345312892686604,0.0,0.0,0.013760683560491961,0.0,0.0,1.0,0.0,1.0,0.0,0.0,1.0,0.0,0.0
0.34656948982156316,0.125,0.0,0.030253985132996514,0.0,0.0,1.0,0.0,1.0,0.0,1.0,0.0,0.09999999999999999,1.0
0.3717014325207338,0.0,0.0,0.014151057562208046,0.0,0.0,1.0,0.0,1.0,0.0,0.0,1.0,0.0,0.0
0.7486805730082935,0.125,0.0,0.14687821814567664,1.0,0.0,0.0,0.9999999999999999,0.0,0.9999999999999998,0.0,0.0,0.09999999999999999,1.0
0.34656948982156316,0.0,0.0,0.014110458666029571,0.0,0.0,1.0,0.9999999999999999,0.0,0.9999999999999998,0.0,0.0,0.0,0.0
0.34656948982156316,0.0,0.0,0.015126992566498257,0.0,0.0,1.0,0.9999999999999999,0.0,0.0,1.0,0.0,0.0,0.0
0.29630560442322185,0.0,0.0,0.13526459159462312,1.0,0.0,0.0,0.9999999999999999,0.0,0.9999999999999998,0.0,0.0,0.0,0.0
0.30887157577280716,0.125,0.0,0.1082149914547131,1.0,0.0,0.0,0.0,1.0,0.9999999999999998,0.0,0.0,0.09999999999999999,1.0
0.2209097763257099,0.125,0.0,0.012678957201736694,0.0,0.0,1.0,0.0,1.0,0.0,0.0,1.0,0.09999999999999999,1.0
0.23347574767529525,0.0,0.0,0.015712553569072384,0.0,0.0,1.0,0.0,1.0,0.0,0.0,1.0,0.0,0.0
0.2711736617240512,0.0,0.0,0.26473857043479077,1.0,0.0,0.0,0.0,1.0,0.9999999999999998,0.0,0.0,0.0,0.0
0.032420206081930025,0.375,0.16666666666666663,0.04113566043083236,0.0,0.0,1.0,0.9999999999999999,0.0,0.0,0.0,1.0,0.4,1.0
0.34656948982156316,0.125,0.0,0.16038672010106003,1.0,0.0,0.0,0.9999999999999999,0.0,0.9999999999999998,0.0,0.0,0.09999999999999999,1.0
0.2711736617240512,0.0,0.0,0.014151057562208046,0.0,0.0,1.0,0.9999999999999999,0.0,0.0,0.0,1.0,0.0,0.0
0.33400351847197784,0.0,0.3333333333333333,0.412820506814759,1.0,0.0,0.0,0.0,1.0,0.9999999999999998,0.0,0.0,0.19999999999999996,1.0
0.24604171902488053,0.0,0.0,0.007831878409428929,0.0,0.0,1.0,0.0,1.0,0.9999999999999998,0.0,0.0,0.0,0.0
0.23347574767529525,0.0,0.0,0.01517578931671277,0.0,0.0,1.0,0.0,1.0,0.0,0.0,1.0,0.0,0.0
0.5224930887157576,0.0,0.0,0.4440992237022602,1.0,0.0,0.0,0.9999999999999999,0.0,0.9999999999999998,0.0,0.0,0.0,0.0
0.007288263382759397,0.0,0.3333333333333333,0.030725752114070408,0.0,0.0,1.0,0.9999999999999999,0.0,0.9999999999999998,0.0,0.0,0.19999999999999996,1.0
0.3968333752199044,0.0,0.0,0.015468569817999829,0.0,0.0,1.0,0.0,1.0,0.0,0.0,1.0,0.0,0.0
0.4345312892686604,0.125,0.0,0.10149724044618187,1.0,0.0,0.0,0.9999999999999999,0.0,0.0,0.0,1.0,0.09999999999999999,1.0
0.34656948982156316,0.0,0.0,0.015411575213749279,0.0,0.0,1.0,0.0,1.0,0.0,0.0,1.0,0.0,0.0
0.2209097763257099,0.0,0.0,0.1434624456306609,0.0,0.9999999999999999,0.0,0.0,1.0,0.0,0.0,1.0,0.0,0.0
0.007288263382759397,0.625,0.3333333333333333,0.09154270340242171,0.0,0.0,1.0,0.0,1.0,0.0,0.0,1.0,0.7,1.0
0.44709726061824573,0.0,0.0,0.025374310111545464,0.0,0.9999999999999999,0.0,0.9999999999999999,0.0,0.0,0.0,1.0,0.0,0.0
0.34656948982156316,0.0,0.0,0.015086393670319782,0.0,0.0,1.0,0.0,1.0,0.0,1.0,0.0,0.0,0.0
0.2083438049761246,0.0,0.0,0.023422440102965042,0.0,0.9999999999999999,0.0,0.9999999999999999,0.0,0.9999999999999998,0.0,0.0,0.0,0.0
0.44709726061824573,0.125,0.3333333333333333,0.23422440102965048,1.0,0.0,0.0,0.0,1.0,0.0,0.0,1.0,0.29999999999999993,1.0
0.25860769037446585,0.0,0.0,0.015216388212891244,0.0,0.0,1.0,0.0,1.0,0.0,0.0,1.0,0.0,0.0
0.34656948982156316,0.25,0.0,0.015468569817999829,0.0,0.0,1.0,0.0,1.0,0.0,0.0,1.0,0.19999999999999996,1.0
0.28373963307363653,0.125,0.0,0.22109807522194716,1.0,0.0,0.0,0.9999999999999999,0.0,0.9999999999999998,0.0,0.0,0.09999999999999999,1.0
0.29630560442322185,0.0,0.3333333333333333,0.03259622914329302,0.0,0.0,1.0,0.9999999999999999,0.0,0.0,0.0,1.0,0.19999999999999996,1.0
0.2711736617240512,0.0,0.0,0.015216388212891244,0.0,0.0,1.0,0.0,1.0,0.0,0.0,1.0,0.0,0.0
0.3842674038703191,0.0,0.0,0.015330377421392337,0.0,0.0,1.0,0.9999999999999999,0.0,0.0,0.0,1.0,0.0,0.0
0.572756974114099,0.0,0.0,0.05074862022309093,0.0,0.9999999999999999,0.0,0.0,1.0,0.0,0.0,1.0,0.0,0.0
0.28373963307363653,0.0,0.0,0.020494635090094408,0.0,0.9999999999999999,0.0,0.0,1.0,0.0,0.0,1.0,0.0,0.0
0.34656948982156316,0.0,0.0,0.024691155608542313,0.0,0.9999999999999999,0.0,0.9999999999999999,0.0,0.0,0.0,1.0,0.0,0.0
0.4847951746670017,0.0,0.0,0.015468569817999829,0.0,0.0,1.0,0.0,1.0,0.0,0.0,1.0,0.0,0.0
0.3214375471223925,0.0,0.0,0.015712553569072384,0.0,0.0,1.0,0.0,1.0,0.0,0.0,1.0,0.0,0.0
0.25860769037446585,0.125,0.0,0.019177122834302632,0.0,0.0,1.0,0.9999999999999999,0.0,0.0,0.0,1.0,0.09999999999999999,1.0
0.34656948982156316,0.125,0.0,0.030937139635999665,0.0,0.0,1.0,0.0,1.0,0.0,0.0,1.0,0.09999999999999999,1.0
0.24604171902488053,0.0,0.0,0.01690807394932789,0.0,0.0,1.0,0.9999999999999999,0.0,0.0,0.0,1.0,0.0,0.0
0.4219653179190751,0.125,0.0,0.04098927018018883,0.0,0.9999999999999999,0.0,0.0,1.0,0.0,0.0,1.0,0.09999999999999999,1.0
0.6355868308620256,0.0,0.0,0.015126992566498257,0.0,0.0,1.0,0.0,1.0,0.0,0.0,1.0,0.0,0.0
0.032420206081930025,0.125,0.16666666666666663,0.03659756266088288,0.0,0.9999999999999999,0.0,0.0,1.0,0.0,0.0,1.0,0.19999999999999996,1.0
0.25860769037446585,0.0,0.0,0.01517578931671277,0.0,0.0,1.0,0.0,1.0,0.0,0.0,1.0,0.0,0.0
0.34656948982156316,0.375,0.16666666666666663,0.049707687947515,0.0,0.0,1.0,0.9999999999999999,0.0,0.0,0.0,1.0,0.4,1.0
0.34656948982156316,0.0,0.0,0.015411575213749279,0.0,0.0,1.0,0.0,1.0,0.0,0.0,1.0,0.0,0.0
0.34656948982156316,0.0,0.0,0.013386510079847098,0.0,0.0,1.0,0.0,1.0,0.0,1.0,0.0,0.0,0.0
0.40939934656948973,0.125,0.0,0.17566830077223783,1.0,0.0,0.0,0.9999999999999999,0.0,0.0,1.0,0.0,0.09999999999999999,1.0
0.34656948982156316,0.0,0.0,0.0,0.0,0.9999999999999999,0.0,0.0,1.0,0.0,0.0,1.0,0.0,0.0
0.5476250314149284,0.0,0.0,0.015468569817999829,0.0,0.0,1.0,0.0,1.0,0.0,0.0,1.0,0.0,0.0
0.34656948982156316,0.0,0.0,0.015712553569072384,0.0,0.0,1.0,0.9999999999999999,0.0,0.0,0.0,1.0,0.0,0.0
0.4219653179190751,0.125,0.16666666666666663,0.06343577527886367,0.0,0.9999999999999999,0.0,0.9999999999999999,0.0,0.0,0.0,1.0,0.19999999999999996,1.0
0.2209097763257099,0.0,0.3333333333333333,0.025374310111545464,0.0,0.9999999999999999,0.0,0.9999999999999999,0.0,0.0,0.0,1.0,0.19999999999999996,1.0
0.3717014325207338,0.0,0.0,0.025374310111545464,0.0,0.9999999999999999,0.0,0.0,1.0,0.0,0.0,1.0,0.0,0.0
0.12038200552902731,0.0,0.3333333333333333,0.04713766070721716,0.0,0.0,1.0,0.9999999999999999,0.0,0.0,0.0,1.0,0.19999999999999996,1.0
0.34656948982156316,0.0,0.0,0.015411575213749279,0.0,0.0,1.0,0.0,1.0,0.9999999999999998,0.0,0.0,0.0,0.0
0.25860769037446585,0.0,0.0,0.015094396337354966,0.0,0.0,1.0,0.0,1.0,0.0,1.0,0.0,0.0,0.0
0.3591354611711485,0.0,0.0,0.015370976317570804,0.0,0.0,1.0,0.0,1.0,0.0,0.0,1.0,0.0,0.0
0.34656948982156316,0.125,0.16666666666666663,0.02810692812355805,0.0,0.0,1.0,0.9999999999999999,0.0,0.0,0.0,1.0,0.19999999999999996,1.0
0.2209097763257099,0.125,0.16666666666666663,0.039452172548431745,0.0,0.0,1.0,0.0,1.0,0.0,0.0,1.0,0.19999999999999996,1.0
0.34656948982156316,0.0,0.0,0.014151057562208046,0.0,0.0,1.0,0.0,1.0,0.0,0.0,1.0,0.0,0.0
0.34656948982156316,0.125,0.0,0.05074862022309093,0.0,0.9999999999999999,0.0,0.9999999999999999,0.0,0.0,0.0,1.0,0.09999999999999999,1.0
0.23347574767529525,0.0,0.0,0.05074862022309093,0.0,0.9999999999999999,0.0,0.9999999999999999,0.0,0.0,0.0,1.0,0.0,0.0
0.34656948982156316,0.0,0.0,0.015126992566498257,0.0,0.0,1.0,0.0,1.0,0.0,1.0,0.0,0.0,0.0
0.3968333752199044,0.0,0.0,0.015712553569072384,0.0,0.0,1.0,0.0,1.0,0.0,0.0,1.0,0.0,0.0
0.34656948982156316,0.0,0.0,0.051822148727810165,1.0,0.0,0.0,0.0,1.0,0.0,0.0,1.0,0.0,0.0
0.34656948982156316,0.125,0.0,0.031425107138144774,0.0,0.0,1.0,0.9999999999999999,0.0,0.0,0.0,1.0,0.09999999999999999,1.0
0.5224930887157576,0.125,0.0,0.05074862022309093,0.0,0.9999999999999999,0.0,0.9999999999999999,0.0,0.0,0.0,1.0,0.09999999999999999,1.0
0.2083438049761246,0.0,0.0,0.013907073811135498,0.0,0.0,1.0,0.0,1.0,0.0,0.0,1.0,0.0,0.0
0.6230208595124402,0.125,0.0,0.1091095334796455,1.0,0.0,0.0,0.0,1.0,0.0,0.0,1.0,0.09999999999999999,1.0
0.17064589092736862,0.125,0.3333333333333333,0.23422440102965048,1.0,0.0,0.0,0.9999999999999999,0.0,0.0,0.0,1.0,0.29999999999999993,1.0
0.25860769037446585,0.25,0.3333333333333333,0.06709553154495196,0.0,0.0,1.0,0.9999999999999999,0.0,0.0,0.0,1.0,0.4,1.0
0.29630560442322185,0.25,0.49999999999999994,0.03659756266088288,0.0,0.9999999999999999,0.0,0.9999999999999999,0.0,0.0,0.0,1.0,0.5,1.0
0.7989444584066347,0.125,0.6666666666666665,0.5133418122566507,1.0,0.0,0.0,0.0,1.0,0.0,0.0,1.0,0.5,1.0
0.3842674038703191,0.0,0.0,0.020494635090094408,0.0,0.9999999999999999,0.0,0.0,1.0,0.0,0.0,1.0,0.0,0.0
0.5601910027645136,0.125,0.16666666666666663,0.05123658772523604,0.0,0.9999999999999999,0.0,0.9999999999999999,0.0,0.0,0.0,1.0,0.19999999999999996,1.0
0.24604171902488053,0.0,0.0,0.018542765081513993,0.0,0.0,1.0,0.0,1.0,0.0,0.0,1.0,0.0,0.0
0.30887157577280716,0.125,0.0,0.01517578931671277,0.0,0.0,1.0,0.0,1.0,0.0,0.0,1.0,0.09999999999999999,1.0
0.34656948982156316,0.0,0.0,0.025374310111545464,0.0,0.9999999999999999,0.0,0.9999999999999999,0.0,0.0,0.0,1.0,0.0,0.0
0.34656948982156316,0.0,0.0,0.01583454544460866,0.0,0.0,1.0,0.0,1.0,0.0,0.0,1.0,0.0,0.0
0.044986177431515395,0.0,0.3333333333333333,0.15977676072337865,1.0,0.0,0.0,0.0,1.0,0.0,0.0,1.0,0.19999999999999996,1.0
0.1580799195777833,0.0,0.16666666666666663,0.038061465167318204,0.0,0.9999999999999999,0.0,0.9999999999999999,0.0,0.0,0.0,1.0,0.09999999999999999,1.0
0.4219653179190751,0.0,0.0,0.051822148727810165,1.0,0.0,0.0,0.0,1.0,0.0,0.0,1.0,0.0,0.0
0.05755214878110071,0.25,0.16666666666666663,0.03758969818624431,0.0,0.0,1.0,0.9999999999999999,0.0,0.9999999999999998,0.0,0.0,0.29999999999999993,1.0
0.6481528022116109,0.0,0.0,0.05953203526170282,1.0,0.0,0.0,0.0,1.0,0.0,0.0,1.0,0.0,0.0
0.44709726061824573,0.125,0.3333333333333333,0.054164392738106665,0.0,0.9999999999999999,0.0,0.0,1.0,0.0,0.0,1.0,0.29999999999999993,1.0
0.34656948982156316,0.125,0.0,0.03897240290032268,0.0,0.0,1.0,0.0,1.0,0.0,0.0,1.0,0.09999999999999999,1.0
0.3717014325207338,0.0,0.0,0.054164392738106665,1.0,0.0,0.0,0.0,1.0,0.9999999999999998,0.0,0.0,0.0,0.0
0.6104548881628549,0.125,0.0,0.17391981561855152,1.0,0.0,0.0,0.0,1.0,0.9999999999999998,0.0,0.0,0.09999999999999999,1.0
0.34656948982156316,0.0,0.0,0.015712553569072384,0.0,0.0,1.0,0.0,1.0,0.0,0.0,1.0,0.0,0.0
0.3591354611711485,0.0,0.0,0.015411575213749279,0.0,0.0,1.0,0.0,1.0,0.9999999999999998,0.0,0.0,0.0,0.0
0.8115104297562201,0.0,0.0,0.051822148727810165,1.0,0.0,0.0,0.0,1.0,0.0,0.0,1.0,0.0,0.0
0.34656948982156316,0.125,0.0,0.10122885832000206,1.0,0.0,0.0,0.9999999999999999,0.0,0.0,0.0,1.0,0.09999999999999999,1.0
0.6230208595124402,0.0,0.0,0.020494635090094408,0.0,0.9999999999999999,0.0,0.9999999999999999,0.0,0.0,0.0,1.0,0.0,0.0
0.34656948982156316,0.0,0.0,0.015126992566498257,0.0,0.0,1.0,0.0,1.0,0.0,1.0,0.0,0.0,0.0
0.5978889168132696,0.0,0.0,0.051822148727810165,1.0,0.0,0.0,0.0,1.0,0.0,0.0,1.0,0.0,0.0
0.4219653179190751,0.0,0.0,0.015712553569072384,0.0,0.0,1.0,0.0,1.0,0.0,0.0,1.0,0.0,0.0
0.5853229454636842,0.0,0.0,0.07514699533034619,1.0,0.0,0.0,0.0,1.0,0.0,0.0,1.0,0.0,0.0
0.5978889168132696,0.0,0.0,0.025374310111545464,0.0,0.9999999999999999,0.0,0.0,1.0,0.0,0.0,1.0,0.0,0.0
0.34656948982156316,0.0,0.0,0.015712553569072384,0.0,0.0,1.0,0.0,1.0,0.0,0.0,1.0,0.0,0.0
0.47222920331741636,0.0,0.0,0.013760683560491961,0.0,0.0,1.0,0.0,1.0,0.0,0.0,1.0,0.0,0.0
0.34656948982156316,0.0,0.0,0.0,0.0,0.9999999999999999,0.0,0.0,1.0,0.0,0.0,1.0,0.0,0.0
0.6984166876099522,0.0,0.0,0.051822148727810165,1.0,0.0,0.0,0.0,1.0,0.0,0.0,1.0,0.0,0.0
0.34656948982156316,0.0,0.0,0.015078195816283745,0.0,0.0,1.0,0.0,1.0,0.0,1.0,0.0,0.0,0.0
0.004146770545363054,0.25,0.16666666666666663,0.03758969818624431,0.0,0.0,1.0,0.9999999999999999,0.0,0.9999999999999998,0.0,0.0,0.29999999999999993,1.0
0.34656948982156316,0.0,0.0,0.014151057562208046,0.0,0.0,1.0,0.0,1.0,0.0,0.0,1.0,0.0,0.0
0.47222920331741636,0.0,0.0,0.01690807394932789,0.0,0.0,1.0,0.0,1.0,0.0,0.0,1.0,0.0,0.0
0.40939934656948973,0.125,0.3333333333333333,0.054164392738106665,0.0,0.9999999999999999,0.0,0.9999999999999999,0.0,0.0,0.0,1.0,0.29999999999999993,1.0
0.28373963307363653,0.0,0.0,0.02691960559733858,0.0,0.9999999999999999,0.0,0.9999999999999999,0.0,0.9999999999999998,0.0,0.0,0.0,0.0
0.2711736617240512,0.0,0.0,0.019201521209409884,0.0,0.0,1.0,0.9999999999999999,0.0,0.0,0.0,1.0,0.0,0.0
0.34656948982156316,0.0,0.0,0.10149724044618187,1.0,0.0,0.0,0.0,1.0,0.0,0.0,1.0,0.0,0.0
0.4219653179190751,0.125,0.0,0.04098927018018883,0.0,0.9999999999999999,0.0,0.0,1.0,0.0,0.0,1.0,0.09999999999999999,1.0
0.3591354611711485,0.125,0.0,0.013752485706455923,0.0,0.0,1.0,0.0,1.0,0.0,0.0,1.0,0.09999999999999999,1.0
0.2711736617240512,0.0,0.0,0.01467962396053163,0.0,0.0,1.0,0.0,1.0,0.0,0.0,1.0,0.0,0.0
0.01985423473234471,0.0,0.16666666666666663,0.023983602730431916,0.0,0.0,1.0,0.9999999999999999,0.0,0.0,0.0,1.0,0.09999999999999999,1.0
0.10781603417944202,0.625,0.3333333333333333,0.09154270340242171,0.0,0.0,1.0,0.0,1.0,0.0,0.0,1.0,0.7,1.0
0.34656948982156316,0.0,0.0,0.0,0.0,0.9999999999999999,0.0,0.0,1.0,0.0,0.0,1.0,0.0,0.0
0.6230208595124402,0.0,0.0,0.015712553569072384,0.0,0.0,1.0,0.0,1.0,0.0,0.0,1.0,0.0,0.0
0.7863784870570494,0.0,0.0,0.018713553707264782,0.0,0.0,1.0,0.9999999999999999,0.0,0.0,0.0,1.0,0.0,0.0
0.30887157577280716,0.125,0.0,0.17777475888549785,1.0,0.0,0.0,0.0,1.0,0.9999999999999998,0.0,0.0,0.09999999999999999,1.0
0.34656948982156316,0.375,0.16666666666666663,0.049707687947515,0.0,0.0,1.0,0.9999999999999999,0.0,0.0,0.0,1.0,0.4,1.0
0.4345312892686604,0.125,0.0,0.17566830077223783,1.0,0.0,0.0,0.9999999999999999,0.0,0.0,0.0,1.0,0.09999999999999999,1.0
0.7235486303091228,0.0,0.0,0.057970539254838485,1.0,0.0,0.0,0.0,1.0,0.9999999999999998,0.0,0.0,0.0,0.0
0.3717014325207338,0.0,0.0,0.015712553569072384,0.0,0.0,1.0,0.0,1.0,0.0,0.0,1.0,0.0,0.0
0.10781603417944202,0.125,0.16666666666666663,0.031034733136428683,0.0,0.0,1.0,0.0,1.0,0.0,0.0,1.0,0.19999999999999996,1.0
0.34656948982156316,0.125,0.0,0.03897240290032268,0.0,0.0,1.0,0.0,1.0,0.0,0.0,1.0,0.09999999999999999,1.0
0.25860769037446585,0.0,0.0,0.014151057562208046,0.0,0.0,1.0,0.0,1.0,0.0,0.0,1.0,0.0,0.0
0.6858507162603669,0.0,0.0,0.05953203526170282,1.0,0.0,0.0,0.0,1.0,0.0,0.0,1.0,0.0,0.0
0.886906257853732,0.0,0.0,0.09662576327876685,1.0,0.0,0.0,0.0,1.0,0.9999999999999998,0.0,0.0,0.0,0.0
0.25860769037446585,0.0,0.0,0.015712553569072384,0.0,0.0,1.0,0.0,1.0,0.0,0.0,1.0,0.0,0.0
0.34656948982156316,0.0,0.0,0.028220722145058295,0.0,0.0,1.0,0.0,1.0,0.9999999999999998,0.0,0.0,0.0,0.0
0.6732847449107815,0.125,0.0,0.1527664244005612,1.0,0.0,0.0,0.9999999999999999,0.0,0.9999999999999998,0.0,0.0,0.09999999999999999,1.0
0.34656948982156316,0.0,0.0,0.02947323712956435,0.0,0.0,1.0,0.0,1.0,0.0,0.0,1.0,0.0,0.0
0.30887157577280716,0.125,0.3333333333333333,0.29580589980036276,1.0,0.0,0.0,0.9999999999999999,0.0,0.0,0.0,1.0,0.29999999999999993,1.0
0.29630560442322185,0.0,0.0,0.015216388212891244,0.0,0.0,1.0,0.0,1.0,0.0,0.0,1.0,0.0,0.0
0.2083438049761246,0.0,0.0,0.01690807394932789,0.0,0.0,1.0,0.0,1.0,0.0,0.0,1.0,0.0,0.0
0.25860769037446585,0.0,0.0,0.015126992566498257,0.0,0.0,1.0,0.9999999999999999,0.0,0.0,1.0,0.0,0.0,0.0
0.34656948982156316,0.0,0.0,0.01489120666946174,0.0,0.0,1.0,0.9999999999999999,0.0,0.0,1.0,0.0,0.0,0.0
0.45966323196783104,0.0,0.0,0.018713553707264782,0.0,0.0,1.0,0.9999999999999999,0.0,0.0,0.0,1.0,0.0,0.0
0.19577783362653928,0.0,0.0,0.16883675574220638,1.0,0.0,0.0,0.9999999999999999,0.0,0.0,0.0,1.0,0.0,0.0
0.2209097763257099,0.125,0.0,0.21255864393440782,1.0,0.0,0.0,0.0,1.0,0.9999999999999998,0.0,0.0,0.09999999999999999,1.0
0.40939934656948973,0.0,0.3333333333333333,0.05074862022309093,0.0,0.9999999999999999,0.0,0.9999999999999999,0.0,0.0,0.0,1.0,0.19999999999999996,1.0
0.34656948982156316,0.0,0.0,0.051822148727810165,1.0,0.0,0.0,0.0,1.0,0.0,0.0,1.0,0.0,0.0
0.34656948982156316,0.0,0.0,0.04396587194327397,0.0,0.0,1.0,0.0,1.0,0.0,0.0,1.0,0.0,0.0
0.3214375471223925,0.0,0.0,0.11027245763075773,0.0,0.0,1.0,0.0,1.0,0.0,0.0,1.0,0.0,0.0
0.3591354611711485,0.0,0.0,0.015126992566498257,0.0,0.0,1.0,0.0,1.0,0.0,1.0,0.0,0.0,0.0
0.34656948982156316,0.0,0.0,0.015712553569072384,0.0,0.0,1.0,0.0,1.0,0.0,0.0,1.0,0.0,0.0
0.44709726061824573,0.0,0.0,0.0513097828505578,1.0,0.0,0.0,0.0,1.0,0.0,0.0,1.0,0.0,0.0
0.6732847449107815,0.125,0.0,0.11594107850967697,1.0,0.0,0.0,0.9999999999999999,0.0,0.9999999999999998,0.0,0.0,0.09999999999999999,1.0
0.29630560442322185,0.0,0.0,0.014630827210317117,0.0,0.0,1.0,0.0,1.0,0.0,0.0,1.0,0.0,0.0
0.5853229454636842,0.0,0.0,0.06640417918791278,1.0,0.0,0.0,0.0,1.0,0.0,0.0,1.0,0.0,0.0
0.4219653179190751,0.0,0.0,0.020494635090094408,0.0,0.9999999999999999,0.0,0.9999999999999999,0.0,0.0,0.0,1.0,0.0,0.0
0.34656948982156316,0.0,0.0,0.04713766070721716,0.0,0.0,1.0,0.0,1.0,0.0,1.0,0.0,0.0,0.0
0.44709726061824573,0.125,0.0,0.05074862022309093,0.0,0.9999999999999999,0.0,0.9999999999999999,0.0,0.0,0.0,1.0,0.09999999999999999,1.0
0.3968333752199044,0.0,0.0,0.015411575213749279,0.0,0.0,1.0,0.0,1.0,0.0,0.0,1.0,0.0,0.0
0.3717014325207338,0.0,0.0,0.18249984580226933,1.0,0.0,0.0,0.9999999999999999,0.0,0.0,0.0,1.0,0.0,0.0
0.2711736617240512,0.0,0.0,0.015411575213749279,0.0,0.0,1.0,0.0,1.0,0.0,0.0,1.0,0.0,0.0
0.34656948982156316,0.0,0.0,0.014102260811993547,0.0,0.0,1.0,0.0,1.0,0.9999999999999998,0.0,0.0,0.0,0.0
0.5476250314149284,0.0,0.16666666666666663,0.11316786160148591,1.0,0.0,0.0,0.9999999999999999,0.0,0.9999999999999998,0.0,0.0,0.09999999999999999,1.0
0.34656948982156316,0.0,0.0,0.014110458666029571,0.0,0.0,1.0,0.0,1.0,0.9999999999999998,0.0,0.0,0.0,0.0
0.5036441316913797,0.0,0.0,0.015126992566498257,0.0,0.0,1.0,0.0,1.0,0.0,1.0,0.0,0.0,0.0
0.6230208595124402,0.0,0.0,0.020494635090094408,0.0,0.9999999999999999,0.0,0.9999999999999999,0.0,0.0,0.0,1.0,0.0,0.0
0.34656948982156316,0.0,0.0,0.4328841690069588,1.0,0.0,0.0,0.0,1.0,0.0,0.0,1.0,0.0,0.0
0.4847951746670017,0.0,0.0,0.015468569817999829,0.0,0.0,1.0,0.0,1.0,0.0,0.0,1.0,0.0,0.0
0.28373963307363653,0.25,0.16666666666666663,0.022446505098674838,0.0,0.9999999999999999,0.0,0.0,1.0,0.0,0.0,1.0,0.29999999999999993,1.0
0.01985423473234471,0.125,0.16666666666666663,0.05074862022309093,0.0,0.9999999999999999,0.0,0.9999999999999999,0.0,0.0,0.0,1.0,0.19999999999999996,1.0
0.34656948982156316,0.0,0.0,0.014110458666029571,0.0,0.0,1.0,0.0,1.0,0.9999999999999998,0.0,0.0,0.0,0.0
0.2083438049761246,0.125,0.16666666666666663,0.014110458666029571,0.0,0.0,1.0,0.0,1.0,0.9999999999999998,0.0,0.0,0.19999999999999996,1.0
0.34656948982156316,0.0,0.3333333333333333,0.04364049521284361,0.0,0.0,1.0,0.9999999999999999,0.0,0.9999999999999998,0.0,0.0,0.19999999999999996,1.0
0.3717014325207338,0.0,0.0,0.01690807394932789,0.0,0.0,1.0,0.9999999999999999,0.0,0.0,0.0,1.0,0.0,0.0
0.08268409148027134,0.0,0.3333333333333333,0.05123658772523604,0.0,0.9999999999999999,0.0,0.9999999999999999,0.0,0.0,0.0,1.0,0.19999999999999996,1.0
0.5601910027645136,0.0,0.0,0.051822148727810165,1.0,0.0,0.0,0.0,1.0,0.0,0.0,1.0,0.0,0.0
0.3717014325207338,0.0,0.0,0.20772776566317125,1.0,0.0,0.0,0.9999999999999999,0.0,0.9999999999999998,0.0,0.0,0.0,0.0
0.34656948982156316,0.0,0.0,0.02830211512441609,0.0,0.0,1.0,0.0,1.0,0.0,0.0,1.0,0.0,0.0
0.2711736617240512,0.0,0.3333333333333333,0.09661756542473082,1.0,0.0,0.0,0.9999999999999999,0.0,0.9999999999999998,0.0,0.0,0.19999999999999996,1.0
0.44709726061824573,0.0,0.3333333333333333,0.13858277060920987,1.0,0.0,0.0,0.9999999999999999,0.0,0.0,0.0,1.0,0.19999999999999996,1.0
0.10781603417944202,0.5,0.3333333333333333,0.06104473451835265,0.0,0.0,1.0,0.9999999999999999,0.0,0.0,0.0,1.0,0.6,1.0
0.13294797687861265,0.5,0.3333333333333333,0.06104473451835265,0.0,0.0,1.0,0.9999999999999999,0.0,0.0,0.0,1.0,0.6,1.0
0.3968333752199044,0.125,0.0,0.05074862022309093,0.0,0.9999999999999999,0.0,0.0,1.0,0.0,0.0,1.0,0.09999999999999999,1.0
0.6230208595124402,0.125,0.0,0.20772776566317125,1.0,0.0,0.0,0.0,1.0,0.9999999999999998,0.0,0.0,0.09999999999999999,1.0
0.7989444584066347,0.0,0.0,0.05074862022309093,1.0,0.0,0.0,0.0,1.0,0.0,0.0,1.0,0.0,0.0
0.23347574767529525,0.125,0.0,0.05074862022309093,0.0,0.9999999999999999,0.0,0.9999999999999999,0.0,0.0,0.0,1.0,0.09999999999999999,1.0
0.34656948982156316,0.0,0.0,0.02705779799394608,0.0,0.9999999999999999,0.0,0.0,1.0,0.9999999999999998,0.0,0.0,0.0,0.0
0.40939934656948973,0.125,0.16666666666666663,0.04006213192611313,0.0,0.0,1.0,0.0,1.0,0.0,0.0,1.0,0.19999999999999996,1.0
0.09525006282985665,0.125,0.16666666666666663,0.07173122281533045,0.0,0.9999999999999999,0.0,0.0,1.0,0.0,0.0,1.0,0.19999999999999996,1.0
0.2083438049761246,0.0,0.3333333333333333,0.21642978772242535,1.0,0.0,0.0,0.0,1.0,0.9999999999999998,0.0,0.0,0.19999999999999996,1.0
0.33400351847197784,0.0,0.0,0.05074862022309093,0.0,0.9999999999999999,0.0,0.0,1.0,0.0,0.0,1.0,0.0,0.0
0.34656948982156316,0.0,0.0,0.015281580671177825,0.0,0.0,1.0,0.0,1.0,0.0,1.0,0.0,0.0,0.0
0.2711736617240512,0.0,0.0,0.014102260811993547,0.0,0.0,1.0,0.0,1.0,0.9999999999999998,0.0,0.0,0.0,0.0
0.2711736617240512,0.0,0.0,0.01517578931671277,0.0,0.0,1.0,0.9999999999999999,0.0,0.0,0.0,1.0,0.0,0.0
0.7738125157074641,0.0,0.0,0.051822148727810165,1.0,0.0,0.0,0.0,1.0,0.0,0.0,1.0,0.0,0.0
0.5978889168132696,0.125,0.0,0.07729405233978466,1.0,0.0,0.0,0.9999999999999999,0.0,0.9999999999999998,0.0,0.0,0.09999999999999999,1.0
0.34656948982156316,0.0,0.0,0.4440992237022602,1.0,0.0,0.0,0.0,1.0,0.9999999999999998,0.0,0.0,0.0,0.0
0.4847951746670017,0.125,0.16666666666666663,0.15546644618343053,1.0,0.0,0.0,0.9999999999999999,0.0,0.0,0.0,1.0,0.19999999999999996,1.0
0.44709726061824573,0.125,0.0,0.03396253814929931,0.0,0.0,1.0,0.9999999999999999,0.0,0.0,0.0,1.0,0.09999999999999999,1.0
0.34656948982156316,0.0,0.0,0.015126992566498257,0.0,0.0,1.0,0.0,1.0,0.0,1.0,0.0,0.0,0.0
0.497361146016587,0.0,0.0,0.015411575213749279,0.0,0.0,1.0,0.0,1.0,0.0,0.0,1.0,0.0,0.0
0.34656948982156316,0.0,0.0,0.026350245115835676,0.0,0.9999999999999999,0.0,0.0,1.0,0.0,0.0,1.0,0.0,0.0
0.34656948982156316,0.0,0.0,0.015712553569072384,0.0,0.0,1.0,0.0,1.0,0.0,0.0,1.0,0.0,0.0
0.34656948982156316,0.0,0.0,0.015712553569072384,0.0,0.0,1.0,0.9999999999999999,0.0,0.0,0.0,1.0,0.0,0.0
0.29630560442322185,0.25,0.0,0.04713766070721716,0.0,0.0,1.0,0.0,1.0,0.0,0.0,1.0,0.19999999999999996,1.0
0.23347574767529525,0.0,0.0,0.015411575213749279,0.0,0.0,1.0,0.0,1.0,0.0,0.0,1.0,0.0,0.0
0.3591354611711485,0.0,0.6666666666666665,0.04113566043083236,0.0,0.0,1.0,0.9999999999999999,0.0,0.0,0.0,1.0,0.4,1.0
0.34656948982156316,0.0,0.0,0.014110458666029571,0.0,0.0,1.0,0.0,1.0,0.9999999999999998,0.0,0.0,0.0,0.0
0.3968333752199044,0.0,0.0,0.015330377421392337,0.0,0.0,1.0,0.0,1.0,0.0,0.0,1.0,0.0,0.0
0.7738125157074641,0.0,0.0,0.020494635090094408,0.0,0.9999999999999999,0.0,0.0,1.0,0.0,0.0,1.0,0.0,0.0
0.6607187735611961,0.25,0.0,0.10048070654571317,1.0,0.0,0.0,0.9999999999999999,0.0,0.0,0.0,1.0,0.19999999999999996,1.0
0.44709726061824573,0.0,0.0,0.051504969851415845,1.0,0.0,0.0,0.0,1.0,0.0,0.0,1.0,0.0,0.0
0.34656948982156316,0.0,0.0,0.015126992566498257,0.0,0.0,1.0,0.9999999999999999,0.0,0.0,1.0,0.0,0.0,0.0
0.19577783362653928,0.0,0.0,0.015712553569072384,0.0,0.0,1.0,0.0,1.0,0.0,0.0,1.0,0.0,0.0
0.23347574767529525,0.0,0.0,0.02830211512441609,0.0,0.0,1.0,0.0,1.0,0.0,0.0,1.0,0.0,0.0
0.4219653179190751,0.0,0.0,0.025374310111545464,0.0,0.9999999999999999,0.0,0.9999999999999999,0.0,0.0,0.0,1.0,0.0,0.0
0.4847951746670017,0.125,0.0,0.1091095334796455,1.0,0.0,0.0,0.9999999999999999,0.0,0.0,0.0,1.0,0.09999999999999999,1.0
0.34656948982156316,0.125,0.0,0.028220722145058295,0.0,0.0,1.0,0.9999999999999999,0.0,0.9999999999999998,0.0,0.0,0.09999999999999999,1.0
0.3968333752199044,0.0,0.0,0.015468569817999829,0.0,0.0,1.0,0.0,1.0,0.0,0.0,1.0,0.0,0.0
0.30887157577280716,0.125,0.16666666666666663,0.05855610025741262,0.0,0.9999999999999999,0.0,0.9999999999999999,0.0,0.0,0.0,1.0,0.19999999999999996,1.0
0.4847951746670017,0.125,0.16666666666666663,0.21642978772242535,1.0,0.0,0.0,0.9999999999999999,0.0,0.9999999999999998,0.0,0.0,0.19999999999999996,1.0
0.6732847449107815,0.0,0.0,0.05074862022309093,0.0,0.9999999999999999,0.0,0.0,1.0,0.0,0.0,1.0,0.0,0.0
0.44709726061824573,0.0,0.0,0.07831878409428937,1.0,0.0,0.0,0.0,1.0,0.9999999999999998,0.0,0.0,0.0,0.0
0.34656948982156316,0.0,0.0,0.017005667449756907,0.0,0.0,1.0,0.0,1.0,0.9999999999999998,0.0,0.0,0.0,0.0
0.2209097763257099,0.0,0.3333333333333333,0.15546644618343053,1.0,0.0,0.0,0.9999999999999999,0.0,0.0,0.0,1.0,0.19999999999999996,1.0
0.5853229454636842,0.0,0.0,0.02927805012870631,0.0,0.9999999999999999,0.0,0.0,1.0,0.0,0.0,1.0,0.0,0.0
0.7486805730082935,0.125,0.16666666666666663,0.1545881046795693,1.0,0.0,0.0,0.0,1.0,0.9999999999999998,0.0,0.0,0.19999999999999996,1.0
0.2711736617240512,0.0,0.0,0.015712553569072384,0.0,0.0,1.0,0.0,1.0,0.0,0.0,1.0,0.0,0.0
0.34656948982156316,0.0,0.0,0.015712553569072384,0.0,0.0,1.0,0.0,1.0,0.0,0.0,1.0,0.0,0.0
0.4345312892686604,0.0,0.0,0.013907073811135498,0.0,0.0,1.0,0.0,1.0,0.0,0.0,1.0,0.0,0.0
0.6481528022116109,0.125,0.0,0.1527664244005612,1.0,0.0,0.0,0.9999999999999999,0.0,0.9999999999999998,0.0,0.0,0.09999999999999999,1.0
0.5853229454636842,0.0,0.0,0.014151057562208046,0.0,0.0,1.0,0.0,1.0,0.0,0.0,1.0,0.0,0.0
0.34656948982156316,0.0,0.3333333333333333,0.015126992566498257,0.0,0.0,1.0,0.9999999999999999,0.0,0.0,1.0,0.0,0.19999999999999996,1.0
0.45966323196783104,0.125,0.0,0.05074862022309093,0.0,0.9999999999999999,0.0,0.0,1.0,0.0,0.0,1.0,0.09999999999999999,1.0
0.44709726061824573,0.125,0.16666666666666663,0.04713766070721716,0.0,0.0,1.0,0.0,1.0,0.0,0.0,1.0,0.19999999999999996,1.0
0.34656948982156316,0.0,0.0,0.06441171028315387,0.0,0.9999999999999999,0.0,0.9999999999999999,0.0,0.0,0.0,1.0,0.0,0.0
0.6104548881628549,0.0,0.0,0.0,0.0,0.0,1.0,0.0,1.0,0.0,0.0,1.0,0.0,0.0
0.34656948982156316,0.0,0.0,0.014102260811993547,0.0,0.0,1.0,0.0,1.0,0.9999999999999998,0.0,0.0,0.0,0.0
0.6104548881628549,0.125,0.0,0.11111839809247648,1.0,0.0,0.0,0.0,1.0,0.9999999999999998,0.0,0.0,0.09999999999999999,1.0
0.29630560442322185,0.25,0.16666666666666663,0.05270049023167135,0.0,0.9999999999999999,0.0,0.9999999999999999,0.0,0.0,0.0,1.0,0.29999999999999993,1.0
0.34656948982156316,0.0,0.0,0.015411575213749279,0.0,0.0,1.0,0.0,1.0,0.0,0.0,1.0,0.0,0.0
0.34656948982156316,0.0,0.0,0.08275928836380983,1.0,0.0,0.0,0.0,1.0,0.0,0.0,1.0,0.0,0.0
0.5476250314149284,0.0,0.0,0.015712553569072384,0.0,0.0,1.0,0.0,1.0,0.0,0.0,1.0,0.0,0.0
0.4345312892686604,0.0,0.0,0.051822148727810165,1.0,0.0,0.0,0.0,1.0,0.9999999999999998,0.0,0.0,0.0,0.0
0.44709726061824573,0.125,0.0,0.03035157863342554,0.0,0.0,1.0,0.0,1.0,0.0,0.0,1.0,0.09999999999999999,1.0
0.3717014325207338,0.0,0.0,0.015411575213749279,0.0,0.0,1.0,0.0,1.0,0.0,0.0,1.0,0.0,0.0
0.33400351847197784,0.0,0.0,0.05953203526170282,1.0,0.0,0.0,0.0,1.0,0.0,0.0,1.0,0.0,0.0
0.2711736617240512,0.125,0.3333333333333333,0.08115719346076702,0.0,0.9999999999999999,0.0,0.9999999999999999,0.0,0.9999999999999998,0.0,0.0,0.29999999999999993,1.0
0.497361146016587,0.0,0.0,0.2995388511917728,1.0,0.0,0.0,0.9999999999999999,0.0,0.0,0.0,1.0,0.0,0.0
0.4847951746670017,0.125,0.8333333333333335,0.06104473451835265,0.0,0.0,1.0,0.9999999999999999,0.0,0.0,0.0,1.0,0.6,1.0
0.34656948982156316,0.0,0.0,0.013760683560491961,0.0,0.0,1.0,0.0,1.0,0.0,0.0,1.0,0.0,0.0
0.34656948982156316,0.125,0.0,0.030253985132996514,0.0,0.0,1.0,0.9999999999999999,0.0,0.0,1.0,0.0,0.09999999999999999,1.0
0.34656948982156316,0.0,0.0,0.015126992566498257,0.0,0.0,1.0,0.0,1.0,0.0,1.0,0.0,0.0,0.0
0.4345312892686604,0.0,0.0,0.015712553569072384,0.0,0.0,1.0,0.0,1.0,0.0,0.0,1.0,0.0,0.0
0.29630560442322185,0.125,0.3333333333333333,0.12687155055772734,0.0,0.9999999999999999,0.0,0.9999999999999999,0.0,0.0,0.0,1.0,0.29999999999999993,1.0
0.4219653179190751,0.125,0.16666666666666663,0.02810692812355805,0.0,0.0,1.0,0.0,1.0,0.0,0.0,1.0,0.19999999999999996,1.0
0.3214375471223925,0.125,0.0,0.031425107138144774,0.0,0.0,1.0,0.9999999999999999,0.0,0.0,0.0,1.0,0.09999999999999999,1.0
0.044986177431515395,0.25,0.16666666666666663,0.07612293033463641,0.0,0.9999999999999999,0.0,0.9999999999999999,0.0,0.0,0.0,1.0,0.29999999999999993,1.0
0.3214375471223925,0.0,0.0,0.020494635090094408,0.0,0.9999999999999999,0.0,0.0,1.0,0.0,0.0,1.0,0.0,0.0
0.33400351847197784,0.125,0.0,0.02821271947802311,0.0,0.0,1.0,0.0,1.0,0.9999999999999998,0.0,0.0,0.09999999999999999,1.0
0.5224930887157576,0.125,0.0,0.10257896680493714,1.0,0.0,0.0,0.0,1.0,0.0,0.0,1.0,0.09999999999999999,1.0
0.24604171902488053,0.125,0.16666666666666663,0.030725752114070408,0.0,0.0,1.0,0.0,1.0,0.9999999999999998,0.0,0.0,0.19999999999999996,1.0
0.25860769037446585,0.0,0.0,0.015330377421392337,0.0,0.0,1.0,0.0,1.0,0.0,0.0,1.0,0.0,0.0
0.25860769037446585,0.0,0.0,0.031425107138144774,0.0,0.0,1.0,0.0,1.0,0.0,0.0,1.0,0.0,0.0
0.7612465443578789,0.0,0.0,0.06308600017332605,1.0,0.0,0.0,0.0,1.0,0.0,0.0,1.0,0.0,0.0
0.7109826589595375,0.0,0.0,0.024105594605968193,0.0,0.9999999999999999,0.0,0.0,1.0,0.0,1.0,0.0,0.0,0.0
0.25860769037446585,0.0,0.0,0.15216446768991498,1.0,0.0,0.0,0.9999999999999999,0.0,0.0,0.0,1.0,0.0,0.0
0.3214375471223925,0.0,0.0,0.015411575213749279,0.0,0.0,1.0,0.0,1.0,0.0,0.0,1.0,0.0,0.0
0.34656948982156316,0.0,0.0,0.015094396337354966,0.0,0.0,1.0,0.0,1.0,0.0,1.0,0.0,0.0,0.0
0.9999999999999999,0.0,0.0,0.05855610025741262,1.0,0.0,0.0,0.0,1.0,0.0,0.0,1.0,0.0,0.0
0.6355868308620256,0.0,0.0,0.013768881414527999,0.0,0.0,1.0,0.0,1.0,0.0,0.0,1.0,0.0,0.0
0.3968333752199044,0.0,0.0,0.05953203526170282,1.0,0.0,0.0,0.0,1.0,0.9999999999999998,0.0,0.0,0.0,0.0
0.34656948982156316,0.0,0.0,0.0,1.0,0.0,0.0,0.0,1.0,0.0,0.0,1.0,0.0,0.0
0.10781603417944202,0.375,0.3333333333333333,0.054457173239393725,0.0,0.0,1.0,0.9999999999999999,0.0,0.0,0.0,1.0,0.5,1.0
0.34656948982156316,0.0,0.0,0.025374310111545464,0.0,0.9999999999999999,0.0,0.9999999999999999,0.0,0.0,0.0,1.0,0.0,0.0
0.3968333752199044,0.0,0.0,0.015468569817999829,0.0,0.0,1.0,0.0,1.0,0.0,0.0,1.0,0.0,0.0
0.3842674038703191,0.125,0.16666666666666663,0.05123658772523604,0.0,0.9999999999999999,0.0,0.0,1.0,0.0,0.0,1.0,0.19999999999999996,1.0
0.5099271173661724,0.0,0.8333333333333335,0.07746484096553544,0.0,0.0,1.0,0.9999999999999999,0.0,0.0,0.0,1.0,0.5,1.0
0.34656948982156316,0.125,0.0,0.031425107138144774,0.0,0.0,1.0,0.0,1.0,0.0,0.0,1.0,0.09999999999999999,1.0
0.24604171902488053,0.0,0.0,0.015330377421392337,0.0,0.0,1.0,0.0,1.0,0.0,0.0,1.0,0.0,0.0
0.29630560442322185,0.0,0.0,0.13526459159462312,1.0,0.0,0.0,0.9999999999999999,0.0,0.9999999999999998,0.0,0.0,0.0,0.0
0.01985423473234471,0.375,0.3333333333333333,0.054457173239393725,0.0,0.0,1.0,0.9999999999999999,0.0,0.0,0.0,1.0,0.5,1.0
0.34656948982156316,0.0,0.0,0.11027245763075773,0.0,0.0,1.0,0.0,1.0,0.0,0.0,1.0,0.0,0.0
0.004146770545363054,0.25,0.16666666666666663,0.03758969818624431,0.0,0.0,1.0,0.9999999999999999,0.0,0.9999999999999998,0.0,0.0,0.29999999999999993,1.0
0.5978889168132696,0.125,0.0,0.14976542426236883,1.0,0.0,0.0,0.0,1.0,0.9999999999999998,0.0,0.0,0.09999999999999999,1.0
0.23347574767529525,0.0,0.0,0.015411575213749279,0.0,0.0,1.0,0.0,1.0,0.0,0.0,1.0,0.0,0.0
0.6984166876099522,0.0,0.0,0.06929138530460494,1.0,0.0,0.0,0.0,1.0,0.9999999999999998,0.0,0.0,0.0,0.0
0.34656948982156316,0.0,0.0,0.01473661856478218,0.0,0.0,1.0,0.0,1.0,0.0,0.0,1.0,0.0,0.0
0.28373963307363653,0.0,0.0,0.01473661856478218,0.0,0.0,1.0,0.9999999999999999,0.0,0.0,0.0,1.0,0.0,0.0
0.34656948982156316,0.0,0.0,0.015411575213749279,0.0,0.0,1.0,0.0,1.0,0.0,0.0,1.0,0.0,0.0
0.2209097763257099,0.0,0.16666666666666663,0.044893010197349675,0.0,0.9999999999999999,0.0,0.9999999999999999,0.0,0.0,0.0,1.0,0.09999999999999999,1.0
0.25860769037446585,0.0,0.0,0.016460705343361262,0.0,0.0,1.0,0.0,1.0,0.0,0.0,1.0,0.0,0.0
0.34656948982156316,0.0,0.0,0.015281580671177825,0.0,0.0,1.0,0.9999999999999999,0.0,0.0,1.0,0.0,0.0,0.0
0.2209097763257099,0.0,0.0,0.013175122557917834,0.0,0.0,1.0,0.9999999999999999,0.0,0.0,1.0,0.0,0.0,0.0
0.29630560442322185,0.25,0.0,0.1434624456306609,0.0,0.9999999999999999,0.0,0.0,1.0,0.0,0.0,1.0,0.19999999999999996,1.0
0.34656948982156316,0.0,0.0,0.015411575213749279,0.0,0.0,1.0,0.0,1.0,0.0,0.0,1.0,0.0,0.0
0.3968333752199044,0.125,0.16666666666666663,0.030253985132996514,0.0,0.0,1.0,0.9999999999999999,0.0,0.0,1.0,0.0,0.19999999999999996,1.0
0.28373963307363653,0.0,0.0,0.025374310111545464,0.0,0.9999999999999999,0.0,0.0,1.0,0.0,0.0,1.0,0.0,0.0
0.7235486303091228,0.0,0.3333333333333333,0.22109807522194716,1.0,0.0,0.0,0.0,1.0,0.9999999999999998,0.0,0.0,0.19999999999999996,1.0
0.6230208595124402,0.25,0.0,0.2608674266467732,1.0,0.0,0.0,0.0,1.0,0.0,0.0,1.0,0.19999999999999996,1.0
0.497361146016587,0.0,0.0,0.014102260811993547,0.0,0.0,1.0,0.0,1.0,0.9999999999999998,0.0,0.0,0.0,0.0
0.5853229454636842,0.0,0.0,0.04994347384455151,1.0,0.0,0.0,0.0,1.0,0.0,0.0,1.0,0.0,0.0
0.44709726061824573,0.0,0.0,0.014630827210317117,0.0,0.0,1.0,0.0,1.0,0.0,0.0,1.0,0.0,0.0
0.24604171902488053,0.125,0.0,0.015468569817999829,0.0,0.0,1.0,0.0,1.0,0.0,0.0,1.0,0.09999999999999999,1.0
0.3968333752199044,0.25,0.0,0.1434624456306609,0.0,0.9999999999999999,0.0,0.0,1.0,0.0,0.0,1.0,0.19999999999999996,1.0
0.30887157577280716,0.0,0.0,0.025374310111545464,0.0,0.9999999999999999,0.0,0.0,1.0,0.0,0.0,1.0,0.0,0.0
0.34656948982156316,0.0,0.0,0.01517578931671277,0.0,0.0,1.0,0.0,1.0,0.0,0.0,1.0,0.0,0.0
0.535059060065343,0.0,0.0,0.015712553569072384,0.0,0.0,1.0,0.0,1.0,0.0,0.0,1.0,0.0,0.0
0.34656948982156316,0.125,0.0,0.10149724044618187,1.0,0.0,0.0,0.9999999999999999,0.0,0.0,0.0,1.0,0.09999999999999999,1.0
0.497361146016587,0.125,0.16666666666666663,0.07612293033463641,0.0,0.9999999999999999,0.0,0.9999999999999999,0.0,0.0,0.0,1.0,0.19999999999999996,1.0
0.3842674038703191,0.125,0.0,0.10149724044618187,1.0,0.0,0.0,0.0,1.0,0.0,0.0,1.0,0.09999999999999999,1.0
0.8743402865041467,0.0,0.0,0.020494635090094408,0.0,0.9999999999999999,0.0,0.0,1.0,0.0,0.0,1.0,0.0,0.0
0.3842674038703191,0.0,0.0,0.025374310111545464,0.0,0.9999999999999999,0.0,0.0,1.0,0.0,0.0,1.0,0.0,0.0
0.34656948982156316,0.0,0.0,0.0,0.0,0.9999999999999999,0.0,0.0,1.0,0.0,0.0,1.0,0.0,0.0
0.2209097763257099,0.0,0.0,0.01517578931671277,0.0,0.0,1.0,0.0,1.0,0.0,0.0,1.0,0.0,0.0
0.30258859009801453,0.0,0.0,0.015712553569072384,0.0,0.0,1.0,0.0,1.0,0.0,0.0,1.0,0.0,0.0
0.2209097763257099,0.0,0.0,0.019209719063445922,0.0,0.0,1.0,0.9999999999999999,0.0,0.0,0.0,1.0,0.0,0.0
0.535059060065343,0.125,1.0,0.09154270340242171,0.0,0.0,1.0,0.9999999999999999,0.0,0.0,0.0,1.0,0.7,1.0
0.44709726061824573,0.0,0.16666666666666663,1.0,1.0,0.0,0.0,0.0,1.0,0.9999999999999998,0.0,0.0,0.09999999999999999,1.0
0.34656948982156316,0.0,0.0,0.015883342194823173,0.0,0.0,1.0,0.9999999999999999,0.0,0.0,1.0,0.0,0.0,0.0
0.33400351847197784,0.0,0.0,0.14976542426236883,1.0,0.0,0.0,0.0,1.0,0.9999999999999998,0.0,0.0,0.0,0.0
0.24604171902488053,0.0,0.0,0.01800600082915438,0.0,0.0,1.0,0.0,1.0,0.0,0.0,1.0,0.0,0.0
0.17064589092736862,0.625,0.3333333333333333,0.09154270340242171,0.0,0.0,1.0,0.0,1.0,0.0,0.0,1.0,0.7,1.0
0.7486805730082935,0.125,0.16666666666666663,0.07612293033463641,0.0,0.9999999999999999,0.0,0.0,1.0,0.0,0.0,1.0,0.19999999999999996,1.0
0.30887157577280716,0.125,0.3333333333333333,0.08115719346076702,0.0,0.9999999999999999,0.0,0.0,1.0,0.9999999999999998,0.0,0.0,0.29999999999999993,1.0
0.17064589092736862,0.5,0.16666666666666663,0.07746484096553544,0.0,0.0,1.0,0.0,1.0,0.0,0.0,1.0,0.5,1.0
0.23347574767529525,0.0,0.0,0.01985207948326974,0.0,0.0,1.0,0.0,1.0,0.0,0.0,1.0,0.0,0.0
0.2209097763257099,0.0,0.0,0.015216388212891244,0.0,0.0,1.0,0.0,1.0,0.0,0.0,1.0,0.0,0.0
0.18321186227695394,0.0,0.16666666666666663,0.41250332793836464,1.0,0.0,0.0,0.9999999999999999,0.0,0.0,0.0,1.0,0.09999999999999999,1.0
0.3842674038703191,0.125,0.0,0.11125659048908397,1.0,0.0,0.0,0.0,1.0,0.0,0.0,1.0,0.09999999999999999,1.0
0.044986177431515395,0.0,0.16666666666666663,0.026187654344120924,0.0,0.0,1.0,0.9999999999999999,0.0,0.9999999999999998,0.0,0.0,0.09999999999999999,1.0
0.34656948982156316,0.0,0.0,0.11027245763075773,0.0,0.0,1.0,0.0,1.0,0.0,0.0,1.0,0.0,0.0
0.30887157577280716,0.0,0.0,0.014102260811993547,0.0,0.0,1.0,0.0,1.0,0.9999999999999998,0.0,0.0,0.0,0.0
0.7486805730082935,0.0,0.0,0.051822148727810165,1.0,0.0,0.0,0.0,1.0,0.0,0.0,1.0,0.0,0.0
0.6481528022116109,0.0,0.0,0.026350245115835676,0.0,0.9999999999999999,0.0,0.0,1.0,0.0,0.0,1.0,0.0,0.0
0.5476250314149284,0.0,0.0,0.015712553569072384,0.0,0.0,1.0,0.0,1.0,0.0,0.0,1.0,0.0,0.0
0.34656948982156316,0.0,0.0,0.015094396337354966,0.0,0.0,1.0,0.9999999999999999,0.0,0.0,1.0,0.0,0.0,0.0
0.6104548881628549,0.125,0.16666666666666663,0.21642978772242535,1.0,0.0,0.0,0.0,1.0,0.9999999999999998,0.0,0.0,0.19999999999999996,1.0
0.5224930887157576,0.0,0.0,0.014931805565640215,0.0,0.0,1.0,0.0,1.0,0.0,0.0,1.0,0.0,0.0
0.2209097763257099,0.125,0.0,0.4440992237022602,1.0,0.0,0.0,0.9999999999999999,0.0,0.9999999999999998,0.0,0.0,0.09999999999999999,1.0
0.4345312892686604,0.0,0.0,0.0513097828505578,1.0,0.0,0.0,0.0,1.0,0.0,0.0,1.0,0.0,0.0
0.2209097763257099,0.0,0.16666666666666663,0.02821271947802311,0.0,0.0,1.0,0.9999999999999999,0.0,0.9999999999999998,0.0,0.0,0.09999999999999999,1.0
0.30887157577280716,0.0,0.0,0.015110792045427042,0.0,0.0,1.0,0.0,1.0,0.0,1.0,0.0,0.0,0.0
0.3214375471223925,0.125,0.0,0.015330377421392337,0.0,0.0,1.0,0.0,1.0,0.0,0.0,1.0,0.09999999999999999,1.0
0.4847951746670017,0.0,0.0,0.05074862022309093,0.0,0.9999999999999999,0.0,0.0,1.0,0.0,0.0,1.0,0.0,0.0
0.5601910027645136,0.0,0.0,0.026350245115835676,0.0,0.9999999999999999,0.0,0.9999999999999999,0.0,0.0,0.0,1.0,0.0,0.0
0.5224930887157576,0.0,0.0,0.0513097828505578,1.0,0.0,0.0,0.0,1.0,0.0,0.0,1.0,0.0,0.0
0.2711736617240512,0.0,0.0,0.29580589980036276,1.0,0.0,0.0,0.9999999999999999,0.0,0.0,0.0,1.0,0.0,0.0
0.34656948982156316,0.125,0.16666666666666663,0.029757819776815374,0.0,0.0,1.0,0.0,1.0,0.9999999999999998,0.0,0.0,0.19999999999999996,1.0
0.29630560442322185,0.0,0.0,0.09662576327876685,1.0,0.0,0.0,0.9999999999999999,0.0,0.9999999999999998,0.0,0.0,0.0,0.0
0.34656948982156316,0.0,0.0,0.051822148727810165,1.0,0.0,0.0,0.0,1.0,0.0,0.0,1.0,0.0,0.0
0.5978889168132696,0.125,0.0,0.10149724044618187,1.0,0.0,0.0,0.0,1.0,0.0,0.0,1.0,0.09999999999999999,1.0
0.3591354611711485,0.0,0.0,0.018510168852370702,0.0,0.0,1.0,0.0,1.0,0.0,0.0,1.0,0.0,0.0
0.6481528022116109,0.0,0.0,0.025374310111545464,0.0,0.9999999999999999,0.0,0.0,1.0,0.0,0.0,1.0,0.0,0.0
0.23347574767529525,0.0,0.0,0.014931805565640215,0.0,0.0,1.0,0.0,1.0,0.0,0.0,1.0,0.0,0.0
0.47222920331741636,0.0,0.0,0.4440992237022602,1.0,0.0,0.0,0.9999999999999999,0.0,0.9999999999999998,0.0,0.0,0.0,0.0
0.33400351847197784,0.0,0.0,0.020494635090094408,0.0,0.9999999999999999,0.0,0.9999999999999999,0.0,0.0,0.0,1.0,0.0,0.0
0.34656948982156316,0.0,0.0,0.030253985132996514,0.0,0.0,1.0,0.0,1.0,0.0,1.0,0.0,0.0,0.0
0.40939934656948973,0.0,0.0,0.01517578931671277,0.0,0.0,1.0,0.0,1.0,0.0,0.0,1.0,0.0,0.0
0.07011812013068602,0.0,0.16666666666666663,0.06441171028315387,0.0,0.9999999999999999,0.0,0.9999999999999999,0.0,0.0,0.0,1.0,0.09999999999999999,1.0
0.2083438049761246,0.125,0.0,0.013768881414527999,0.0,0.0,1.0,0.0,1.0,0.0,0.0,1.0,0.09999999999999999,1.0
0.4219653179190751,0.0,0.0,0.025374310111545464,0.0,0.9999999999999999,0.0,0.0,1.0,0.0,0.0,1.0,0.0,0.0
0.6230208595124402,0.0,0.0,0.025374310111545464,0.0,0.9999999999999999,0.0,0.0,1.0,0.0,0.0,1.0,0.0,0.0
0.33400351847197784,0.125,0.0,0.10364429745562034,1.0,0.0,0.0,0.0,1.0,0.0,0.0,1.0,0.09999999999999999,1.0
0.24604171902488053,0.0,0.0,0.01690807394932789,0.0,0.0,1.0,0.0,1.0,0.0,0.0,1.0,0.0,0.0
0.3717014325207338,0.375,0.0,0.04098927018018883,0.0,0.9999999999999999,0.0,0.9999999999999999,0.0,0.0,0.0,1.0,0.29999999999999993,1.0
0.34656948982156316,0.0,0.0,0.015102594191391004,0.0,0.0,1.0,0.9999999999999999,0.0,0.0,1.0,0.0,0.0,0.0
0.30887157577280716,0.125,0.0,0.05074862022309093,0.0,0.9999999999999999,0.0,0.0,1.0,0.0,0.0,1.0,0.09999999999999999,1.0
0.30887157577280716,0.125,0.0,0.015468569817999829,0.0,0.0,1.0,0.9999999999999999,0.0,0.0,0.0,1.0,0.09999999999999999,1.0
0.3591354611711485,0.0,0.0,0.41250332793836464,1.0,0.0,0.0,0.9999999999999999,0.0,0.0,0.0,1.0,0.0,0.0
0.13294797687861265,0.0,0.0,0.036670757786204655,0.0,0.0,1.0,0.0,1.0,0.9999999999999998,0.0,0.0,0.0,0.0
0.34656948982156316,0.0,0.0,0.0,0.0,0.9999999999999999,0.0,0.0,1.0,0.0,0.0,1.0,0.0,0.0
0.28373963307363653,0.0,0.0,0.025374310111545464,0.0,0.9999999999999999,0.0,0.0,1.0,0.0,0.0,1.0,0.0,0.0
0.28373963307363653,0.0,0.0,0.025374310111545464,0.0,0.9999999999999999,0.0,0.0,1.0,0.0,0.0,1.0,0.0,0.0
0.3528524754963558,0.0,0.0,0.031425107138144774,0.0,0.0,1.0,0.0,1.0,0.0,0.0,1.0,0.0,0.0
0.5978889168132696,0.125,0.49999999999999994,0.06709553154495196,0.0,0.0,1.0,0.9999999999999999,0.0,0.0,0.0,1.0,0.4,1.0
0.4345312892686604,0.0,0.0,1.0,1.0,0.0,0.0,0.0,1.0,0.9999999999999998,0.0,0.0,0.0,0.0
0.34656948982156316,0.0,0.0,0.015411575213749279,0.0,0.0,1.0,0.0,1.0,0.0,0.0,1.0,0.0,0.0
0.34656948982156316,0.0,0.0,0.015411575213749279,0.0,0.0,1.0,0.0,1.0,0.0,0.0,1.0,0.0,0.0
0.34656948982156316,0.0,0.0,0.05855610025741262,1.0,0.0,0.0,0.0,1.0,0.0,0.0,1.0,0.0,0.0
0.44709726061824573,0.125,0.0,0.15390495017656614,1.0,0.0,0.0,0.0,1.0,0.0,0.0,1.0,0.09999999999999999,1.0
0.25860769037446585,0.25,0.3333333333333333,0.5121218935012879,1.0,0.0,0.0,0.9999999999999999,0.0,0.9999999999999998,0.0,0.0,0.4,1.0
0.29630560442322185,0.125,0.0,0.031425107138144774,0.0,0.0,1.0,0.0,1.0,0.0,0.0,1.0,0.09999999999999999,1.0
0.3842674038703191,0.0,0.0,0.015468569817999829,0.0,0.0,1.0,0.0,1.0,0.0,0.0,1.0,0.0,0.0
0.8743402865041467,0.125,0.16666666666666663,0.13858277060920987,1.0,0.0,0.0,0.0,1.0,0.0,0.0,1.0,0.19999999999999996,1.0
0.19577783362653928,0.125,0.16666666666666663,0.03952536767375352,0.0,0.0,1.0,0.0,1.0,0.0,0.0,1.0,0.19999999999999996,1.0
0.3717014325207338,0.0,0.0,0.025374310111545464,0.0,0.9999999999999999,0.0,0.9999999999999999,0.0,0.0,0.0,1.0,0.0,0.0
0.23347574767529525,0.125,0.0,0.10364429745562034,1.0,0.0,0.0,0.0,1.0,0.0,0.0,1.0,0.09999999999999999,1.0
0.3842674038703191,0.0,0.0,0.015126992566498257,0.0,0.0,1.0,0.0,1.0,0.0,1.0,0.0,0.0,0.0
0.044986177431515395,0.125,0.16666666666666663,0.044893010197349675,0.0,0.9999999999999999,0.0,0.9999999999999999,0.0,0.0,0.0,1.0,0.19999999999999996,1.0
0.07011812013068602,0.0,0.16666666666666663,0.024349578357040748,0.0,0.0,1.0,0.0,1.0,0.0,0.0,1.0,0.09999999999999999,1.0
0.40939934656948973,0.0,0.0,0.018542765081513993,0.0,0.0,1.0,0.0,1.0,0.0,0.0,1.0,0.0,0.0
0.28373963307363653,0.0,0.0,0.015411575213749279,0.0,0.0,1.0,0.0,1.0,0.0,0.0,1.0,0.0,0.0
0.5978889168132696,0.125,0.3333333333333333,0.12687155055772734,0.0,0.9999999999999999,0.0,0.9999999999999999,0.0,0.0,0.0,1.0,0.29999999999999993,1.0
0.003141492837396287,0.125,0.16666666666666663,0.02830211512441609,0.0,0.9999999999999999,0.0,0.0,1.0,0.0,0.0,1.0,0.19999999999999996,1.0
0.34656948982156316,0.0,0.0,0.015216388212891244,0.0,0.0,1.0,0.0,1.0,0.0,0.0,1.0,0.0,0.0
0.2209097763257099,0.0,0.0,0.022446505098674838,0.0,0.9999999999999999,0.0,0.0,1.0,0.0,0.0,1.0,0.0,0.0
0.4219653179190751,0.0,0.0,0.015712553569072384,0.0,0.0,1.0,0.0,1.0,0.0,0.0,1.0,0.0,0.0
0.40939934656948973,0.0,0.0,0.16883675574220638,1.0,0.0,0.0,0.9999999999999999,0.0,0.0,0.0,1.0,0.0,0.0
0.34656948982156316,0.0,0.0,0.02830211512441609,0.0,0.0,1.0,0.0,1.0,0.0,0.0,1.0,0.0,0.0
0.5099271173661724,0.0,0.0,0.013907073811135498,0.0,0.0,1.0,0.0,1.0,0.0,0.0,1.0,0.0,0.0
0.24604171902488053,0.0,0.0,0.014110458666029571,0.0,0.0,1.0,0.0,1.0,0.9999999999999998,0.0,0.0,0.0,0.0
0.44709726061824573,0.125,0.3333333333333333,0.23422440102965048,1.0,0.0,0.0,0.9999999999999999,0.0,0.0,0.0,1.0,0.29999999999999993,1.0
0.19577783362653928,0.0,0.0,0.01517578931671277,0.0,0.0,1.0,0.0,1.0,0.0,0.0,1.0,0.0,0.0
0.6355868308620256,0.125,0.0,0.15216446768991498,1.0,0.0,0.0,0.9999999999999999,0.0,0.0,0.0,1.0,0.09999999999999999,1.0
0.34656948982156316,0.0,0.0,0.07729405233978466,1.0,0.0,0.0,0.0,1.0,0.9999999999999998,0.0,0.0,0.0,0.0
0.3779844181955265,0.0,0.0,0.015126992566498257,0.0,0.0,1.0,0.9999999999999999,0.0,0.0,1.0,0.0,0.0,0.0
0.34656948982156316,0.125,0.0,0.04713766070721716,0.0,0.0,1.0,0.0,1.0,0.0,1.0,0.0,0.09999999999999999,1.0
0.3968333752199044,0.0,0.0,0.016322512946753763,0.0,0.0,1.0,0.0,1.0,0.0,0.0,1.0,0.0,0.0
0.29630560442322185,0.0,0.0,0.018542765081513993,0.0,0.0,1.0,0.0,1.0,0.0,0.0,1.0,0.0,0.0
0.5978889168132696,0.0,0.0,0.015330377421392337,0.0,0.0,1.0,0.0,1.0,0.0,0.0,1.0,0.0,0.0
0.7109826589595375,0.0,0.0,0.020494635090094408,0.0,0.9999999999999999,0.0,0.9999999999999999,0.0,0.0,0.0,1.0,0.0,0.0
0.34656948982156316,0.0,0.0,0.014102260811993547,0.0,0.0,1.0,0.0,1.0,0.9999999999999998,0.0,0.0,0.0,0.0
0.6732847449107815,0.125,0.49999999999999994,0.044893010197349675,0.0,0.9999999999999999,0.0,0.9999999999999999,0.0,0.0,0.0,1.0,0.4,1.0
0.2209097763257099,0.0,0.0,0.015126992566498257,0.0,0.0,1.0,0.0,1.0,0.0,0.0,1.0,0.0,0.0
0.34656948982156316,0.0,0.0,0.015126992566498257,0.0,0.0,1.0,0.0,1.0,0.0,1.0,0.0,0.0,0.0
0.05755214878110071,0.0,0.0,0.024349578357040748,0.0,0.0,1.0,0.9999999999999999,0.0,0.0,0.0,1.0,0.0,0.0
0.34656948982156316,0.0,0.0,0.015102594191391004,0.0,0.0,1.0,0.0,1.0,0.0,1.0,0.0,0.0,0.0
0.535059060065343,0.0,0.16666666666666663,0.41250332793836464,1.0,0.0,0.0,0.9999999999999999,0.0,0.0,0.0,1.0,0.09999999999999999,1.0
0.1580799195777833,0.0,0.0,0.014110458666029571,0.0,0.0,1.0,0.9999999999999999,0.0,0.9999999999999998,0.0,0.0,0.0,0.0
0.2083438049761246,0.125,0.0,0.11125659048908397,1.0,0.0,0.0,0.9999999999999999,0.0,0.0,0.0,1.0,0.09999999999999999,1.0
0.3591354611711485,0.0,0.0,0.05855610025741262,1.0,0.0,0.0,0.0,1.0,0.0,0.0,1.0,0.0,0.0
0.34656948982156316,0.125,0.3333333333333333,0.045771351701210855,0.0,0.0,1.0,0.0,1.0,0.0,0.0,1.0,0.29999999999999993,1.0
0.30887157577280716,0.0,0.0,0.013760683560491961,0.0,0.0,1.0,0.0,1.0,0.0,0.0,1.0,0.0,0.0
0.30887157577280716,0.0,0.0,0.014151057562208046,0.0,0.0,1.0,0.0,1.0,0.0,0.0,1.0,0.0,0.0
0.2209097763257099,0.0,0.0,0.014630827210317117,0.0,0.0,1.0,0.9999999999999999,0.0,0.0,0.0,1.0,0.0,0.0
0.09525006282985665,0.5,0.16666666666666663,0.056848213999904744,0.0,0.0,1.0,0.0,1.0,0.0,1.0,0.0,0.5,1.0
0.007288263382759397,0.125,0.3333333333333333,0.04015972542654215,0.0,0.0,1.0,0.0,1.0,0.0,0.0,1.0,0.29999999999999993,1.0
0.572756974114099,0.0,0.0,0.1545881046795693,1.0,0.0,0.0,0.0,1.0,0.9999999999999998,0.0,0.0,0.0,0.0
0.34656948982156316,0.0,0.0,0.015126992566498257,0.0,0.0,1.0,0.0,1.0,0.0,1.0,0.0,0.0,0.0
0.19577783362653928,0.0,0.0,0.05074862022309093,0.0,0.9999999999999999,0.0,0.0,1.0,0.0,0.0,1.0,0.0,0.0
0.34656948982156316,0.9999999999999999,0.3333333333333333,0.13575255909676825,0.0,0.0,1.0,0.9999999999999999,0.0,0.0,0.0,1.0,1.0,1.0
0.34656948982156316,0.0,0.0,0.05991421140938287,1.0,0.0,0.0,0.0,1.0,0.9999999999999998,0.0,0.0,0.0,0.0
0.30887157577280716,0.0,0.0,0.015411575213749279,0.0,0.0,1.0,0.0,1.0,0.0,0.0,1.0,0.0,0.0
0.4847951746670017,0.0,0.0,0.025374310111545464,0.0,0.9999999999999999,0.0,0.0,1.0,0.0,0.0,1.0,0.0,0.0
0.6104548881628549,0.0,0.0,0.050610427826483444,1.0,0.0,0.0,0.9999999999999999,0.0,0.0,0.0,1.0,0.0,0.0
0.3842674038703191,0.0,0.0,0.016948672845506357,0.0,0.0,1.0,0.9999999999999999,0.0,0.0,0.0,1.0,0.0,0.0
0.3717014325207338,0.0,0.0,0.014110458666029571,0.0,0.0,1.0,0.0,1.0,0.9999999999999998,0.0,0.0,0.0,0.0
0.3717014325207338,0.125,0.16666666666666663,0.04713766070721716,0.0,0.0,1.0,0.9999999999999999,0.0,0.0,0.0,1.0,0.19999999999999996,1.0
0.4219653179190751,0.0,0.0,0.025374310111545464,0.0,0.9999999999999999,0.0,0.0,1.0,0.0,0.0,1.0,0.0,0.0
0.3842674038703191,0.125,0.16666666666666663,0.05123658772523604,0.0,0.9999999999999999,0.0,0.9999999999999999,0.0,0.0,0.0,1.0,0.19999999999999996,1.0
0.13294797687861265,0.125,0.3333333333333333,0.23422440102965048,1.0,0.0,0.0,0.0,1.0,0.0,0.0,1.0,0.29999999999999993,1.0
0.0,0.0,0.16666666666666663,0.01662349130207686,0.0,0.0,1.0,0.0,1.0,0.9999999999999998,0.0,0.0,0.09999999999999999,1.0
0.33400351847197784,0.0,0.0,0.013614293309848438,0.0,0.0,1.0,0.0,1.0,0.0,0.0,1.0,0.0,0.0
0.3842674038703191,0.0,0.0,0.01517578931671277,0.0,0.0,1.0,0.0,1.0,0.0,0.0,1.0,0.0,0.0
0.4847951746670017,0.0,0.0,0.0,1.0,0.0,0.0,0.0,1.0,0.0,0.0,1.0,0.0,0.0
0.2209097763257099,0.0,0.0,0.01517578931671277,0.0,0.0,1.0,0.9999999999999999,0.0,0.0,0.0,1.0,0.0,0.0
0.4847951746670017,0.0,0.0,0.025374310111545464,0.0,0.9999999999999999,0.0,0.0,1.0,0.0,0.0,1.0,0.0,0.0
0.40939934656948973,0.125,0.0,0.10364429745562034,1.0,0.0,0.0,0.9999999999999999,0.0,0.0,0.0,1.0,0.09999999999999999,1.0
0.3214375471223925,0.0,0.0,0.015395374692678064,0.0,0.0,1.0,0.0,1.0,0.0,0.0,1.0,0.0,0.0
0.4847951746670017,0.0,0.0,0.04713766070721716,0.0,0.0,1.0,0.0,1.0,0.0,0.0,1.0,0.0,0.0
0.4345312892686604,0.0,0.0,0.020494635090094408,0.0,0.9999999999999999,0.0,0.0,1.0,0.0,0.0,1.0,0.0,0.0
0.07011812013068602,0.5,0.3333333333333333,0.06104473451835265,0.0,0.0,1.0,0.9999999999999999,0.0,0.0,0.0,1.0,0.6,1.0
0.3779844181955265,0.0,0.0,0.015712553569072384,0.0,0.0,1.0,0.0,1.0,0.0,0.0,1.0,0.0,0.0
0.34656948982156316,0.0,0.0,0.0,1.0,0.0,0.0,0.0,1.0,0.0,0.0,1.0,0.0,0.0
0.28373963307363653,0.0,0.0,0.015468569817999829,0.0,0.0,1.0,0.9999999999999999,0.0,0.0,0.0,1.0,0.0,0.0
0.3842674038703191,0.125,0.16666666666666663,0.07222738817151159,0.0,0.9999999999999999,0.0,0.0,1.0,0.9999999999999998,0.0,0.0,0.19999999999999996,1.0
0.535059060065343,0.0,0.0,0.012589561555343708,0.0,0.0,1.0,0.0,1.0,0.0,0.0,1.0,0.0,0.0
0.12038200552902731,0.375,0.3333333333333333,0.054457173239393725,0.0,0.0,1.0,0.0,1.0,0.0,0.0,1.0,0.5,1.0
0.6481528022116109,0.125,0.16666666666666663,0.18249984580226933,1.0,0.0,0.0,0.9999999999999999,0.0,0.0,0.0,1.0,0.19999999999999996,1.0
0.33400351847197784,0.0,0.0,0.01690807394932789,0.0,0.0,1.0,0.0,1.0,0.0,0.0,1.0,0.0,0.0
0.47222920331741636,0.0,0.0,0.0,1.0,0.0,0.0,0.0,1.0,0.0,0.0,1.0,0.0,0.0
0.33400351847197784,0.0,0.16666666666666663,0.024349578357040748,0.0,0.0,1.0,0.9999999999999999,0.0,0.0,0.0,1.0,0.09999999999999999,1.0
0.01985423473234471,0.5,0.16666666666666663,0.07746484096553544,0.0,0.0,1.0,0.0,1.0,0.0,0.0,1.0,0.5,1.0
0.34656948982156316,0.0,0.0,0.013565496559633912,0.0,0.0,1.0,0.0,1.0,0.0,1.0,0.0,0.0,0.0
0.34656948982156316,0.0,0.0,0.11027245763075773,0.0,0.0,1.0,0.0,1.0,0.0,0.0,1.0,0.0,0.0
0.007288263382759397,0.0,0.3333333333333333,0.07222738817151159,0.0,0.9999999999999999,0.0,0.0,1.0,0.9999999999999998,0.0,0.0,0.19999999999999996,1.0
0.34656948982156316,0.0,0.0,0.015126992566498257,0.0,0.0,1.0,0.0,1.0,0.0,1.0,0.0,0.0,0.0
0.7738125157074641,0.0,0.0,0.15614960068643363,1.0,0.0,0.0,0.9999999999999999,0.0,0.0,0.0,1.0,0.0,0.0
0.18321186227695394,0.125,0.0,0.02821271947802311,0.0,0.0,1.0,0.9999999999999999,0.0,0.9999999999999998,0.0,0.0,0.09999999999999999,1.0
0.005152048253329877,0.125,0.16666666666666663,0.03659756266088288,0.0,0.9999999999999999,0.0,0.0,1.0,0.0,0.0,1.0,0.19999999999999996,1.0
0.34656948982156316,0.0,0.0,0.014110458666029571,0.0,0.0,1.0,0.0,1.0,0.9999999999999998,0.0,0.0,0.0,0.0
0.28373963307363653,0.0,0.0,0.015330377421392337,0.0,0.0,1.0,0.0,1.0,0.0,0.0,1.0,0.0,0.0
0.2209097763257099,0.0,0.0,0.016200521071217493,0.0,0.0,1.0,0.0,1.0,0.0,0.0,1.0,0.0,0.0
0.4847951746670017,0.125,0.16666666666666663,0.16231419173453318,1.0,0.0,0.0,0.9999999999999999,0.0,0.9999999999999998,0.0,0.0,0.19999999999999996,1.0
0.25860769037446585,0.0,0.0,0.01690807394932789,0.0,0.0,1.0,0.0,1.0,0.0,0.0,1.0,0.0,0.0
0.34656948982156316,0.0,0.0,0.015712553569072384,0.0,0.0,1.0,0.0,1.0,0.0,0.0,1.0,0.0,0.0
0.3968333752199044,0.0,0.0,0.11027245763075773,0.0,0.0,1.0,0.0,1.0,0.0,0.0,1.0,0.0,0.0
0.34656948982156316,0.0,0.0,0.057970539254838485,1.0,0.0,0.0,0.0,1.0,0.9999999999999998,0.0,0.0,0.0,0.0
0.24604171902488053,0.0,0.0,0.015468569817999829,0.0,0.0,1.0,0.0,1.0,0.0,0.0,1.0,0.0,0.0
0.19577783362653928,0.0,0.0,0.020494635090094408,0.0,0.9999999999999999,0.0,0.0,1.0,0.0,0.0,1.0,0.0,0.0
0.3717014325207338,0.0,0.0,0.060507970265993034,1.0,0.0,0.0,0.9999999999999999,0.0,0.9999999999999998,0.0,0.0,0.0,0.0
0.42824830359386773,0.0,0.0,0.012565163180236455,0.0,0.0,1.0,0.0,1.0,0.9999999999999998,0.0,0.0,0.0,0.0
0.2083438049761246,0.0,0.0,0.01690807394932789,0.0,0.0,1.0,0.0,1.0,0.0,0.0,1.0,0.0,0.0
0.5224930887157576,0.0,0.0,0.01473661856478218,0.0,0.0,1.0,0.0,1.0,0.0,0.0,1.0,0.0,0.0
0.34656948982156316,0.9999999999999999,0.3333333333333333,0.13575255909676825,0.0,0.0,1.0,0.0,1.0,0.0,0.0,1.0,1.0,1.0
0.4345312892686604,0.0,0.0,0.015411575213749279,0.0,0.0,1.0,0.0,1.0,0.9999999999999998,0.0,0.0,0.0,0.0
0.34656948982156316,0.0,0.16666666666666663,0.06441171028315387,0.0,0.9999999999999999,0.0,0.0,1.0,0.0,0.0,1.0,0.09999999999999999,1.0
0.34656948982156316,0.125,0.0,0.17391981561855152,1.0,0.0,0.0,0.9999999999999999,0.0,0.9999999999999998,0.0,0.0,0.09999999999999999,1.0
0.044986177431515395,0.5,0.3333333333333333,0.06104473451835265,0.0,0.0,1.0,0.0,1.0,0.0,0.0,1.0,0.6,1.0
0.924604171902488,0.0,0.0,0.01517578931671277,0.0,0.0,1.0,0.0,1.0,0.0,0.0,1.0,0.0,0.0
0.10781603417944202,0.125,0.16666666666666663,0.029757819776815374,0.0,0.0,1.0,0.9999999999999999,0.0,0.9999999999999998,0.0,0.0,0.19999999999999996,1.0
0.19577783362653928,0.0,0.16666666666666663,0.07690367833806856,1.0,0.0,0.0,0.9999999999999999,0.0,0.0,0.0,1.0,0.09999999999999999,1.0
0.5476250314149284,0.125,0.0,0.05074862022309093,0.0,0.9999999999999999,0.0,0.9999999999999999,0.0,0.0,0.0,1.0,0.09999999999999999,1.0
0.2209097763257099,0.0,0.16666666666666663,0.018249984580226933,0.0,0.0,1.0,0.9999999999999999,0.0,0.0,0.0,1.0,0.09999999999999999,1.0
0.5601910027645136,0.125,0.16666666666666663,0.32179836714362564,1.0,0.0,0.0,0.9999999999999999,0.0,0.0,0.0,1.0,0.19999999999999996,1.0
0.6355868308620256,0.0,0.0,0.051822148727810165,1.0,0.0,0.0,0.0,1.0,0.0,0.0,1.0,0.0,0.0
0.29630560442322185,0.0,0.49999999999999994,0.03758969818624431,0.0,0.0,1.0,0.9999999999999999,0.0,0.9999999999999998,0.0,0.0,0.29999999999999993,1.0
0.34656948982156316,0.0,0.0,0.014110458666029571,0.0,0.0,1.0,0.0,1.0,0.9999999999999998,0.0,0.0,0.0,0.0
0.5099271173661724,0.25,0.0,0.027537567642055144,0.0,0.0,1.0,0.0,1.0,0.0,0.0,1.0,0.19999999999999996,1.0
0.25860769037446585,0.125,0.0,0.022446505098674838,0.0,0.9999999999999999,0.0,0.0,1.0,0.0,0.0,1.0,0.09999999999999999,1.0
0.5978889168132696,0.0,0.0,0.050610427826483444,1.0,0.0,0.0,0.9999999999999999,0.0,0.0,0.0,1.0,0.0,0.0
0.34656948982156316,0.9999999999999999,0.3333333333333333,0.13575255909676825,0.0,0.0,1.0,0.9999999999999999,0.0,0.0,0.0,1.0,1.0,1.0
0.29630560442322185,0.0,0.0,0.025374310111545464,0.0,0.9999999999999999,0.0,0.0,1.0,0.0,0.0,1.0,0.0,0.0
0.5224930887157576,0.0,0.0,0.025374310111545464,0.0,0.9999999999999999,0.0,0.9999999999999999,0.0,0.0,0.0,1.0,0.0,0.0
0.33400351847197784,0.125,0.0,0.027049600139910035,0.0,0.9999999999999999,0.0,0.9999999999999999,0.0,0.9999999999999998,0.0,0.0,0.09999999999999999,1.0
0.3842674038703191,0.0,0.0,0.09856123757927521,1.0,0.0,0.0,0.0,1.0,0.0,0.0,1.0,0.0,0.0
0.34656948982156316,0.0,0.0,0.018542765081513993,0.0,0.0,1.0,0.0,1.0,0.0,0.0,1.0,0.0,0.0
0.044986177431515395,0.125,0.16666666666666663,0.02173075436652839,0.0,0.0,1.0,0.0,1.0,0.0,0.0,1.0,0.19999999999999996,1.0
0.3214375471223925,0.0,0.0,0.015411575213749279,0.0,0.0,1.0,0.0,1.0,0.0,0.0,1.0,0.0,0.0
0.5853229454636842,0.125,0.16666666666666663,0.10257896680493714,1.0,0.0,0.0,0.9999999999999999,0.0,0.0,0.0,1.0,0.19999999999999996,1.0
0.40939934656948973,0.0,0.0,0.009759350042902105,1.0,0.0,0.0,0.0,1.0,0.0,0.0,1.0,0.0,0.0
0.5853229454636842,0.0,0.0,0.01756683007722378,0.0,0.0,1.0,0.0,1.0,0.0,0.0,1.0,0.0,0.0
0.34656948982156316,0.125,0.0,0.04684488020593009,0.0,0.9999999999999999,0.0,0.9999999999999999,0.0,0.9999999999999998,0.0,0.0,0.09999999999999999,1.0
0.18321186227695394,0.0,0.0,0.014102260811993547,0.0,0.0,1.0,0.9999999999999999,0.0,0.9999999999999998,0.0,0.0,0.0,0.0
0.24604171902488053,0.0,0.0,0.019217721730481106,0.0,0.0,1.0,0.0,1.0,0.0,0.0,1.0,0.0,0.0
0.23347574767529525,0.0,0.0,0.015411575213749279,0.0,0.0,1.0,0.0,1.0,0.0,0.0,1.0,0.0,0.0
0.34656948982156316,0.0,0.0,0.015411575213749279,0.0,0.0,1.0,0.0,1.0,0.0,0.0,1.0,0.0,0.0
0.6984166876099522,0.0,0.16666666666666663,0.16231419173453318,1.0,0.0,0.0,0.9999999999999999,0.0,0.9999999999999998,0.0,0.0,0.09999999999999999,1.0
0.30887157577280716,0.0,0.16666666666666663,0.05074862022309093,0.0,0.9999999999999999,0.0,0.9999999999999999,0.0,0.0,0.0,1.0,0.09999999999999999,1.0
0.40939934656948973,0.0,0.0,0.015411575213749279,0.0,0.0,1.0,0.0,1.0,0.0,0.0,1.0,0.0,0.0
0.2711736617240512,0.0,0.0,0.020527231319237706,0.0,0.0,1.0,0.9999999999999999,0.0,0.0,0.0,1.0,0.0,0.0
0.34656948982156316,0.0,0.0,0.020494635090094408,0.0,0.9999999999999999,0.0,0.0,1.0,0.0,0.0,1.0,0.0,0.0
0.30887157577280716,0.0,0.0,0.013760683560491961,0.0,0.0,1.0,0.0,1.0,0.0,0.0,1.0,0.0,0.0
0.4847951746670017,0.0,0.8333333333333335,0.056848213999904744,0.0,0.0,1.0,0.9999999999999999,0.0,0.0,1.0,0.0,0.5,1.0
0.33400351847197784,0.0,0.0,0.025374310111545464,0.0,0.9999999999999999,0.0,0.0,1.0,0.0,0.0,1.0,0.0,0.0
0.23347574767529525,0.0,0.0,0.05855610025741262,1.0,0.0,0.0,0.9999999999999999,0.0,0.0,0.0,1.0,0.0,0.0
0.34656948982156316,0.125,0.3333333333333333,0.045771351701210855,0.0,0.0,1.0,0.9999999999999999,0.0,0.0,0.0,1.0,0.29999999999999993,1.0
0.3214375471223925,0.0,0.0,0.05855610025741262,1.0,0.0,0.0,0.0,1.0,0.9999999999999998,0.0,0.0,0.0,0.0
0.3968333752199044,0.0,0.0,0.015126992566498257,0.0,0.0,1.0,0.0,1.0,0.0,1.0,0.0,0.0,0.0
